bedrijf_id,rang,kanaal,segment,affiniteit
M01,1,direct_mail,churn_risico,0.965
M01,2,event,warme_leads,0.946
M01,3,email,bestaande_klanten,0.928
M01,4,event,bestaande_klanten,0.811
M01,5,direct_mail,warme_leads,0.807
M01,6,event,koude_prospects,0.79
M01,7,social_betaald,koude_prospects,0.776
M01,8,email,warme_leads,0.74
M02,1,email,bestaande_klanten,0.936
M02,2,content_seo,bestaande_klanten,0.895
M02,3,content_seo,warme_leads,0.888
M02,4,zoekmachine_adv,bestaande_klanten,0.841
M02,5,event,bestaande_klanten,0.797
M02,6,social_organisch,warme_leads,0.77
M02,7,email,warme_leads,0.752
M02,8,social_organisch,bestaande_klanten,0.738
M03,1,event,warme_leads,0.974
M03,2,direct_mail,warme_leads,0.89
M03,3,event,koude_prospects,0.794
M03,4,direct_mail,bestaande_klanten,0.782
M03,5,content_seo,koude_prospects,0.757
M03,6,social_betaald,warme_leads,0.739
M03,7,event,bestaande_klanten,0.737
M03,8,zoekmachine_adv,bestaande_klanten,0.732
M04,1,event,koude_prospects,0.973
M04,2,direct_mail,bestaande_klanten,0.835
M04,3,social_organisch,koude_prospects,0.772
M04,4,direct_mail,warme_leads,0.742
M04,5,zoekmachine_adv,churn_risico,0.728
M04,6,direct_mail,koude_prospects,0.727
M04,7,social_betaald,churn_risico,0.7
M04,8,email,churn_risico,0.632
M05,1,content_seo,churn_risico,0.97
M05,2,zoekmachine_adv,churn_risico,0.921
M05,3,content_seo,bestaande_klanten,0.89
M05,4,email,bestaande_klanten,0.78
M05,5,social_organisch,koude_prospects,0.769
M05,6,direct_mail,churn_risico,0.754
M05,7,social_organisch,bestaande_klanten,0.737
M05,8,direct_mail,bestaande_klanten,0.719
M06,1,social_organisch,bestaande_klanten,0.799
M06,2,direct_mail,churn_risico,0.782
M06,3,direct_mail,bestaande_klanten,0.74
M06,4,email,churn_risico,0.738
M06,5,zoekmachine_adv,koude_prospects,0.713
M06,6,email,bestaande_klanten,0.708
M06,7,content_seo,koude_prospects,0.708
M06,8,event,warme_leads,0.652
M07,1,email,bestaande_klanten,0.939
M07,2,zoekmachine_adv,bestaande_klanten,0.79
M07,3,event,koude_prospects,0.784
M07,4,direct_mail,warme_leads,0.758
M07,5,social_betaald,koude_prospects,0.742
M07,6,social_betaald,bestaande_klanten,0.712
M07,7,social_betaald,churn_risico,0.71
M07,8,content_seo,warme_leads,0.668
M08,1,social_betaald,churn_risico,0.734
M08,2,social_betaald,koude_prospects,0.68
M08,3,social_organisch,churn_risico,0.675
M08,4,direct_mail,koude_prospects,0.672
M08,5,email,bestaande_klanten,0.607
M08,6,zoekmachine_adv,churn_risico,0.603
M08,7,event,warme_leads,0.574
M08,8,event,koude_prospects,0.567
M09,1,email,bestaande_klanten,1.0
M09,2,direct_mail,churn_risico,0.91
M09,3,event,bestaande_klanten,0.866
M09,4,direct_mail,warme_leads,0.797
M09,5,direct_mail,koude_prospects,0.781
M09,6,social_organisch,koude_prospects,0.731
M09,7,event,warme_leads,0.718
M09,8,social_organisch,churn_risico,0.712
M10,1,zoekmachine_adv,warme_leads,1.0
M10,2,content_seo,bestaande_klanten,0.894
M10,3,event,bestaande_klanten,0.79
M10,4,zoekmachine_adv,bestaande_klanten,0.782
M10,5,event,warme_leads,0.761
M10,6,email,warme_leads,0.76
M10,7,email,churn_risico,0.756
M10,8,direct_mail,koude_prospects,0.709
M11,1,direct_mail,koude_prospects,0.99
M11,2,event,churn_risico,0.851
M11,3,direct_mail,churn_risico,0.845
M11,4,email,bestaande_klanten,0.822
M11,5,content_seo,churn_risico,0.797
M11,6,social_organisch,warme_leads,0.755
M11,7,zoekmachine_adv,churn_risico,0.728
M11,8,social_betaald,churn_risico,0.69
M12,1,email,bestaande_klanten,0.776
M12,2,zoekmachine_adv,bestaande_klanten,0.768
M12,3,event,churn_risico,0.739
M12,4,social_betaald,koude_prospects,0.661
M12,5,social_organisch,bestaande_klanten,0.655
M12,6,social_betaald,warme_leads,0.619
M12,7,social_organisch,warme_leads,0.609
M12,8,direct_mail,churn_risico,0.607
M13,1,zoekmachine_adv,bestaande_klanten,1.0
M13,2,zoekmachine_adv,churn_risico,0.974
M13,3,content_seo,warme_leads,0.927
M13,4,content_seo,churn_risico,0.818
M13,5,email,bestaande_klanten,0.739
M13,6,social_organisch,warme_leads,0.72
M13,7,social_betaald,warme_leads,0.714
M13,8,event,bestaande_klanten,0.707
M14,1,content_seo,warme_leads,0.798
M14,2,direct_mail,koude_prospects,0.772
M14,3,event,churn_risico,0.751
M14,4,event,bestaande_klanten,0.703
M14,5,email,warme_leads,0.69
M14,6,content_seo,bestaande_klanten,0.666
M14,7,social_betaald,churn_risico,0.657
M14,8,email,bestaande_klanten,0.648
M15,1,email,bestaande_klanten,1.0
M15,2,event,warme_leads,0.742
M15,3,zoekmachine_adv,churn_risico,0.722
M15,4,zoekmachine_adv,bestaande_klanten,0.709
M15,5,email,warme_leads,0.689
M15,6,direct_mail,warme_leads,0.605
M15,7,email,churn_risico,0.579
M15,8,event,bestaande_klanten,0.578
