campagne_id,bedrijf_id,maand,kanaal,segment,doel,budget_eur,duur_dagen,bereik,kliks,conversies,omzet_eur
C0001,M01,21,social_betaald,warme_leads,retentie,1465,14,35117,960,11,3584.22
C0002,M01,8,email,bestaande_klanten,merkbekendheid,1405,30,12168,679,32,11456.25
C0003,M01,9,email,warme_leads,merkbekendheid,622,30,11279,439,29,16135.84
C0004,M01,13,content_seo,warme_leads,retentie,670,21,6091,253,8,4616.65
C0005,M01,3,content_seo,bestaande_klanten,conversie,755,21,14553,598,40,5295.95
C0006,M01,23,zoekmachine_adv,koude_prospects,conversie,246,21,3825,151,7,940.9
C0007,M01,21,direct_mail,bestaande_klanten,conversie,584,14,5650,196,4,534.46
C0008,M01,3,email,warme_leads,merkbekendheid,1173,7,19734,925,50,7097.17
C0009,M01,21,email,koude_prospects,retentie,442,14,5835,106,1,121.87
C0010,M01,1,content_seo,bestaande_klanten,retentie,1049,30,15276,366,16,8273.23
C0011,M01,2,social_organisch,bestaande_klanten,merkbekendheid,450,14,8713,205,3,1794.58
C0012,M01,10,zoekmachine_adv,bestaande_klanten,conversie,593,21,9201,227,10,1913.5
C0013,M01,21,event,warme_leads,conversie,579,30,11013,316,25,6389.49
C0014,M01,5,content_seo,koude_prospects,merkbekendheid,1645,14,29092,551,29,13045.59
C0015,M01,14,social_organisch,warme_leads,leadgen,1017,14,18228,315,2,280.14
C0016,M01,24,zoekmachine_adv,churn_risico,merkbekendheid,384,30,4772,95,2,288.61
C0017,M01,9,event,churn_risico,leadgen,765,30,8042,284,1,510.89
C0018,M01,4,social_betaald,bestaande_klanten,leadgen,1680,7,25461,690,24,8743.97
C0019,M01,21,social_betaald,bestaande_klanten,merkbekendheid,1270,30,23583,739,16,5474.47
C0020,M01,13,social_betaald,warme_leads,retentie,1377,7,26156,1170,33,8971.74
C0021,M01,9,social_organisch,churn_risico,merkbekendheid,1000,30,23978,1277,46,5284.47
C0022,M01,9,direct_mail,churn_risico,leadgen,1543,21,29409,1030,61,29797.98
C0023,M01,7,zoekmachine_adv,koude_prospects,merkbekendheid,1636,21,21359,656,23,9810.18
C0024,M01,11,social_betaald,koude_prospects,merkbekendheid,795,14,12705,641,37,14179.71
C0025,M01,12,content_seo,churn_risico,merkbekendheid,609,30,5958,323,18,5788.88
C0026,M01,12,email,koude_prospects,conversie,1492,7,18365,835,35,21294.23
C0027,M01,1,event,koude_prospects,merkbekendheid,872,21,12903,535,26,5655.06
C0028,M01,18,event,warme_leads,conversie,789,14,12968,688,50,26236.42
C0029,M01,24,email,warme_leads,retentie,783,7,12331,452,30,7406.15
C0030,M01,22,zoekmachine_adv,bestaande_klanten,retentie,635,14,11753,533,13,6924.69
C0031,M01,7,email,churn_risico,merkbekendheid,1281,30,21925,1043,41,22255.96
C0032,M01,7,social_betaald,warme_leads,conversie,592,7,13836,421,18,5709.79
C0033,M01,4,email,koude_prospects,conversie,1665,30,16542,629,5,1063.73
C0034,M01,2,social_betaald,bestaande_klanten,conversie,321,30,3921,155,7,1943.38
C0035,M01,18,email,warme_leads,conversie,491,7,8498,454,41,5425.11
C0036,M01,19,event,koude_prospects,leadgen,618,14,12355,608,26,7018.0
C0037,M01,12,social_organisch,bestaande_klanten,leadgen,1376,14,14287,335,8,2211.89
C0038,M01,21,email,koude_prospects,conversie,1072,30,19503,552,20,12845.09
C0039,M01,13,event,churn_risico,retentie,481,7,5173,197,6,3550.31
C0040,M01,18,social_organisch,koude_prospects,retentie,497,30,8298,155,5,1447.67
C0041,M01,10,event,warme_leads,retentie,1713,7,21736,1356,58,25804.5
C0042,M01,21,event,warme_leads,merkbekendheid,228,30,3557,201,11,1485.07
C0043,M01,17,content_seo,warme_leads,merkbekendheid,912,21,13188,809,28,2695.29
C0044,M01,22,social_organisch,churn_risico,conversie,1492,7,27776,1004,17,11580.95
C0045,M01,14,direct_mail,koude_prospects,merkbekendheid,618,7,10034,403,21,8534.9
C0046,M01,22,social_betaald,churn_risico,leadgen,1076,21,22906,756,28,12205.7
C0047,M01,20,direct_mail,koude_prospects,leadgen,961,14,12910,389,8,4565.27
C0048,M01,13,event,warme_leads,conversie,1563,14,12721,490,30,6653.23
C0049,M02,8,social_betaald,churn_risico,conversie,267,30,3720,124,4,1732.92
C0050,M02,15,social_organisch,warme_leads,conversie,346,7,7361,271,22,5348.82
C0051,M02,1,content_seo,warme_leads,leadgen,137,7,1219,49,3,269.6
C0052,M02,6,email,koude_prospects,conversie,417,14,3615,122,0,0.0
C0053,M02,4,zoekmachine_adv,churn_risico,retentie,249,7,4174,150,7,1748.68
C0054,M02,18,social_betaald,bestaande_klanten,merkbekendheid,383,30,3692,94,6,1409.53
C0055,M02,24,content_seo,warme_leads,conversie,401,14,6642,350,29,7128.04
C0056,M02,8,content_seo,koude_prospects,leadgen,132,30,1583,32,2,347.61
C0057,M02,22,direct_mail,bestaande_klanten,conversie,217,30,3347,119,6,3600.83
C0058,M02,2,email,churn_risico,retentie,201,7,2840,82,0,0.0
C0059,M02,5,social_organisch,koude_prospects,leadgen,280,7,3095,109,6,611.7
C0060,M02,5,content_seo,warme_leads,conversie,244,21,3581,214,14,2345.63
C0061,M02,9,zoekmachine_adv,warme_leads,retentie,439,21,4740,145,8,2277.69
C0062,M02,19,zoekmachine_adv,warme_leads,merkbekendheid,369,7,4637,183,12,1202.71
C0063,M02,11,content_seo,warme_leads,leadgen,199,14,2035,93,4,1687.31
C0064,M02,19,event,warme_leads,leadgen,84,21,1488,25,1,372.91
C0065,M02,5,event,warme_leads,conversie,90,7,1633,49,2,375.4
C0066,M02,9,content_seo,warme_leads,conversie,260,21,3432,240,15,4973.93
C0067,M02,24,social_organisch,warme_leads,retentie,390,30,5695,220,13,5783.12
C0068,M02,5,email,churn_risico,conversie,318,21,4908,239,7,1622.6
C0069,M02,13,social_organisch,koude_prospects,leadgen,188,14,4370,85,6,1529.36
C0070,M02,17,social_organisch,warme_leads,retentie,183,7,3707,120,9,3159.23
C0071,M02,16,direct_mail,warme_leads,retentie,396,14,5623,255,16,3428.15
C0072,M02,9,event,koude_prospects,retentie,314,30,5220,124,1,471.68
C0073,M02,2,email,churn_risico,leadgen,114,21,1480,48,2,264.99
C0074,M02,15,social_organisch,bestaande_klanten,leadgen,166,14,1721,80,1,593.24
C0075,M02,3,event,churn_risico,retentie,132,21,1455,46,1,592.25
C0076,M02,13,social_betaald,bestaande_klanten,conversie,371,21,4235,154,7,2343.01
C0077,M02,22,direct_mail,bestaande_klanten,retentie,337,30,5010,243,10,5191.04
C0078,M02,5,email,koude_prospects,leadgen,138,7,2069,33,0,0.0
C0079,M02,22,social_betaald,bestaande_klanten,conversie,348,30,5487,137,3,1120.29
C0080,M02,23,content_seo,warme_leads,retentie,224,30,3831,166,14,4610.37
C0081,M02,6,email,warme_leads,conversie,77,21,617,21,0,0.0
C0082,M02,5,social_betaald,bestaande_klanten,retentie,207,7,2815,111,2,1000.86
C0083,M02,20,zoekmachine_adv,bestaande_klanten,retentie,402,7,4512,208,13,6645.18
C0084,M02,17,social_organisch,bestaande_klanten,retentie,388,7,4726,229,11,6387.58
C0085,M02,22,event,koude_prospects,leadgen,285,30,2845,92,2,1081.82
C0086,M02,7,content_seo,bestaande_klanten,conversie,197,7,1595,96,6,1244.46
C0087,M02,10,email,churn_risico,leadgen,191,30,2924,109,6,1747.65
C0088,M02,4,social_betaald,warme_leads,conversie,272,21,4073,187,8,4610.06
C0089,M02,15,zoekmachine_adv,koude_prospects,leadgen,228,30,4506,251,11,4419.38
C0090,M02,12,social_betaald,bestaande_klanten,retentie,130,7,2962,170,6,771.6
C0091,M02,18,event,bestaande_klanten,retentie,288,14,5401,214,15,2423.16
C0092,M02,17,email,koude_prospects,leadgen,471,21,7407,124,0,0.0
C0093,M02,23,social_organisch,bestaande_klanten,leadgen,93,30,2036,57,2,506.07
C0094,M02,24,email,bestaande_klanten,leadgen,127,7,1942,114,9,1212.09
C0095,M03,1,event,koude_prospects,leadgen,5942,7,54169,2517,144,56363.38
C0096,M03,15,email,bestaande_klanten,conversie,4602,14,43870,1368,77,17615.44
C0097,M03,13,social_organisch,churn_risico,merkbekendheid,3718,7,39614,1515,67,13111.48
C0098,M03,20,email,bestaande_klanten,retentie,2416,21,43763,1928,89,36873.1
C0099,M03,15,content_seo,warme_leads,leadgen,2803,30,37019,1092,25,7322.37
C0100,M03,18,content_seo,bestaande_klanten,retentie,3126,30,53857,2046,53,5485.83
C0101,M03,12,event,churn_risico,conversie,3217,7,34324,1492,67,46375.6
C0102,M03,5,content_seo,churn_risico,merkbekendheid,3264,14,55771,2076,80,11500.52
C0103,M03,20,zoekmachine_adv,warme_leads,retentie,4684,30,78192,2554,36,17821.35
C0104,M03,8,social_organisch,bestaande_klanten,merkbekendheid,4047,7,63501,1784,102,38569.61
C0105,M03,14,social_betaald,warme_leads,merkbekendheid,5428,30,87967,3882,313,180650.6
C0106,M03,1,email,bestaande_klanten,retentie,5652,21,47886,1522,112,60716.55
C0107,M03,15,social_organisch,warme_leads,leadgen,2115,14,32454,743,8,2316.35
C0108,M03,3,social_betaald,churn_risico,leadgen,5633,21,84307,887,35,13167.4
C0109,M03,5,social_betaald,bestaande_klanten,conversie,5111,21,55074,2763,133,16359.66
C0110,M03,17,social_organisch,churn_risico,leadgen,1448,30,32837,1281,110,24521.41
C0111,M03,16,social_betaald,warme_leads,merkbekendheid,5372,21,58839,1750,80,43465.67
C0112,M03,15,direct_mail,churn_risico,retentie,3415,21,35304,1867,78,34638.16
C0113,M03,24,event,koude_prospects,retentie,4157,7,35885,1377,88,42272.35
C0114,M03,19,email,warme_leads,leadgen,4458,7,49649,1565,91,25306.24
C0115,M03,3,event,warme_leads,conversie,3863,30,73267,2654,190,113788.22
C0116,M03,10,zoekmachine_adv,koude_prospects,merkbekendheid,1324,21,13259,356,12,5527.41
C0117,M03,15,event,bestaande_klanten,merkbekendheid,2348,21,25517,879,64,12092.52
C0118,M03,1,email,warme_leads,retentie,1754,30,29663,1591,51,17485.28
C0119,M03,11,direct_mail,koude_prospects,leadgen,5019,30,94621,1948,35,17560.19
C0120,M03,6,social_organisch,bestaande_klanten,retentie,4423,14,90749,1802,77,20297.96
C0121,M03,9,social_betaald,koude_prospects,retentie,1908,7,20866,602,28,15568.73
C0122,M03,4,direct_mail,bestaande_klanten,merkbekendheid,3236,7,36079,1613,89,49347.45
C0123,M03,11,social_organisch,warme_leads,conversie,2045,14,25095,1533,32,12939.84
C0124,M03,8,direct_mail,bestaande_klanten,merkbekendheid,5131,14,67971,3093,102,58173.53
C0125,M03,1,event,warme_leads,retentie,1525,30,14215,562,35,4785.62
C0126,M03,9,social_organisch,churn_risico,merkbekendheid,5202,30,61318,2282,130,66051.8
C0127,M03,12,event,warme_leads,conversie,4277,30,59706,2231,165,60121.36
C0128,M03,20,social_betaald,churn_risico,retentie,4387,30,53505,1375,63,15185.47
C0129,M03,24,social_betaald,churn_risico,retentie,5804,7,99649,3278,113,49785.9
C0130,M03,2,social_betaald,bestaande_klanten,merkbekendheid,3651,7,37853,1247,24,7217.19
C0131,M03,21,social_organisch,koude_prospects,leadgen,2017,30,44923,1701,89,52114.27
C0132,M03,23,content_seo,warme_leads,retentie,3734,30,31895,923,4,1774.29
C0133,M03,9,email,churn_risico,retentie,3907,7,58233,1511,67,39749.34
C0134,M03,24,social_organisch,churn_risico,leadgen,4543,21,48829,1436,92,11745.76
C0135,M03,2,direct_mail,bestaande_klanten,retentie,1838,7,22398,851,43,20799.12
C0136,M03,14,email,koude_prospects,conversie,3698,14,67073,979,17,7448.71
C0137,M03,22,event,bestaande_klanten,retentie,2173,14,28297,1186,74,20445.25
C0138,M03,11,zoekmachine_adv,warme_leads,retentie,2252,30,37913,919,20,2403.82
C0139,M03,16,event,bestaande_klanten,leadgen,1683,21,21483,595,36,15754.55
C0140,M03,24,content_seo,bestaande_klanten,merkbekendheid,767,21,11568,347,18,3859.51
C0141,M03,13,direct_mail,warme_leads,leadgen,5046,30,97136,3640,251,55658.33
C0142,M03,16,social_organisch,warme_leads,conversie,3193,30,33953,1550,45,32383.07
C0143,M03,23,direct_mail,koude_prospects,conversie,4610,7,53174,1727,71,37886.26
C0144,M03,24,email,churn_risico,retentie,1625,30,18006,349,4,1512.47
C0145,M03,11,social_organisch,warme_leads,merkbekendheid,1168,7,13493,782,21,5758.7
C0146,M03,8,social_organisch,warme_leads,conversie,2663,7,38466,1206,63,20550.78
C0147,M03,15,email,bestaande_klanten,retentie,2491,14,24589,684,13,1295.88
C0148,M03,11,social_organisch,koude_prospects,retentie,3073,14,55697,1821,113,38896.45
C0149,M03,15,zoekmachine_adv,koude_prospects,merkbekendheid,3951,21,49569,2001,46,17571.42
C0150,M03,1,social_betaald,bestaande_klanten,merkbekendheid,1580,21,21655,397,13,5098.25
C0151,M03,24,content_seo,bestaande_klanten,retentie,3100,14,39676,1355,22,1808.63
C0152,M03,11,content_seo,koude_prospects,merkbekendheid,4009,30,72734,2976,130,30235.96
C0153,M03,19,direct_mail,bestaande_klanten,conversie,2393,14,38273,2129,90,56624.27
C0154,M03,21,zoekmachine_adv,warme_leads,conversie,2745,7,33659,693,18,3556.97
C0155,M03,7,content_seo,warme_leads,conversie,5840,21,66513,1617,29,3462.37
C0156,M04,6,email,churn_risico,leadgen,5086,21,79225,2894,222,32447.58
C0157,M04,5,social_organisch,warme_leads,retentie,1544,21,20009,996,46,11329.77
C0158,M04,3,email,warme_leads,retentie,5911,21,92923,1929,94,46997.08
C0159,M04,17,direct_mail,koude_prospects,leadgen,4538,14,45974,2014,104,31517.35
C0160,M04,13,content_seo,bestaande_klanten,retentie,5359,30,47077,2424,135,34920.88
C0161,M04,16,event,warme_leads,conversie,1829,14,20172,20,2,433.92
C0162,M04,23,event,koude_prospects,merkbekendheid,3985,30,34724,1750,123,70039.69
C0163,M04,6,zoekmachine_adv,warme_leads,retentie,1243,14,11771,455,7,4120.79
C0164,M04,20,email,koude_prospects,leadgen,3793,21,50929,1630,22,8272.85
C0165,M04,21,direct_mail,koude_prospects,merkbekendheid,3587,14,38946,1462,64,14367.97
C0166,M04,17,social_betaald,koude_prospects,leadgen,1732,7,33414,1126,26,6850.24
C0167,M04,13,email,warme_leads,retentie,5858,14,70725,2012,75,35829.23
C0168,M04,20,event,bestaande_klanten,conversie,3533,14,67133,3056,61,18122.76
C0169,M04,10,content_seo,bestaande_klanten,merkbekendheid,5320,7,59177,2249,104,50918.58
C0170,M04,23,social_betaald,koude_prospects,retentie,5224,30,66178,2002,30,11210.09
C0171,M04,24,social_organisch,warme_leads,merkbekendheid,3271,7,64227,2690,207,54499.98
C0172,M04,4,social_organisch,bestaande_klanten,leadgen,2642,14,28365,761,26,6456.56
C0173,M04,5,social_betaald,koude_prospects,conversie,4626,14,73011,2159,38,16369.71
C0174,M04,13,direct_mail,bestaande_klanten,retentie,4075,30,63654,3461,101,18228.1
C0175,M04,17,zoekmachine_adv,churn_risico,retentie,3083,21,41846,2057,136,70767.31
C0176,M04,5,email,bestaande_klanten,merkbekendheid,5534,30,57686,2569,94,22361.61
C0177,M04,8,direct_mail,bestaande_klanten,retentie,1229,14,23025,1118,62,26185.63
C0178,M04,7,event,warme_leads,conversie,4538,7,46219,2217,112,68699.91
C0179,M04,15,social_betaald,koude_prospects,merkbekendheid,2339,30,43550,1352,76,19762.53
C0180,M04,2,email,warme_leads,retentie,2108,7,27382,720,29,13997.31
C0181,M04,21,direct_mail,warme_leads,conversie,3018,7,38446,1462,113,48886.92
C0182,M04,12,social_betaald,warme_leads,merkbekendheid,3863,21,59724,2306,74,11751.06
C0183,M04,6,zoekmachine_adv,warme_leads,leadgen,5786,21,111416,1630,32,18718.24
C0184,M04,4,direct_mail,koude_prospects,retentie,979,21,13591,549,37,17144.18
C0185,M04,4,zoekmachine_adv,warme_leads,merkbekendheid,3154,14,39995,1651,39,19446.93
C0186,M04,7,social_betaald,koude_prospects,merkbekendheid,1596,7,25621,1003,12,5396.28
C0187,M04,3,social_betaald,koude_prospects,conversie,2361,21,34129,1353,23,8671.2
C0188,M04,11,content_seo,bestaande_klanten,retentie,4667,7,69551,2870,156,72981.33
C0189,M04,24,email,warme_leads,retentie,1208,21,16064,402,6,3453.05
C0190,M04,8,direct_mail,bestaande_klanten,merkbekendheid,2969,14,30278,1223,79,9491.66
C0191,M04,15,social_betaald,koude_prospects,conversie,5277,30,112389,2868,92,71550.19
C0192,M04,9,direct_mail,churn_risico,merkbekendheid,3411,21,31453,669,26,14903.52
C0193,M04,20,email,warme_leads,leadgen,1452,21,26975,411,12,4756.42
C0194,M04,16,event,warme_leads,conversie,5844,21,116227,3650,45,17052.83
C0195,M04,7,direct_mail,koude_prospects,retentie,1202,30,22637,991,50,6559.31
C0196,M04,16,zoekmachine_adv,bestaande_klanten,conversie,1629,14,16714,738,37,18104.85
C0197,M04,22,social_organisch,koude_prospects,conversie,4353,7,63152,3243,292,195854.59
C0198,M04,1,email,koude_prospects,leadgen,2604,7,22578,1006,13,1057.01
C0199,M04,18,email,koude_prospects,conversie,3819,14,45831,202,0,0.0
C0200,M05,18,social_organisch,churn_risico,retentie,3565,21,80326,1673,34,11273.87
C0201,M05,10,content_seo,warme_leads,leadgen,4870,7,72646,2951,98,30355.02
C0202,M05,22,content_seo,churn_risico,leadgen,4039,14,50449,3368,174,80100.92
C0203,M05,6,social_organisch,bestaande_klanten,retentie,3977,14,95149,4334,301,133788.0
C0204,M05,19,direct_mail,koude_prospects,merkbekendheid,5823,21,57896,2042,119,14326.85
C0205,M05,9,direct_mail,churn_risico,conversie,2276,7,22939,1175,78,11149.32
C0206,M05,22,event,churn_risico,merkbekendheid,1514,7,30086,676,6,2704.41
C0207,M05,4,social_organisch,churn_risico,merkbekendheid,1486,30,22985,927,25,7229.81
C0208,M05,6,social_organisch,koude_prospects,retentie,4539,14,69844,3996,233,64277.91
C0209,M05,20,content_seo,warme_leads,retentie,1983,30,31818,1174,75,36016.69
C0210,M05,3,content_seo,bestaande_klanten,conversie,5100,30,101977,5565,351,236115.53
C0211,M05,11,email,koude_prospects,conversie,916,30,12356,502,5,864.77
C0212,M05,20,zoekmachine_adv,warme_leads,leadgen,5040,21,54705,3239,204,83400.98
C0213,M05,18,content_seo,warme_leads,leadgen,4342,21,61470,1621,27,10946.0
C0214,M05,11,event,churn_risico,retentie,858,21,9652,223,6,684.11
C0215,M05,12,direct_mail,churn_risico,leadgen,4699,21,51542,2602,136,47254.16
C0216,M05,4,social_betaald,warme_leads,merkbekendheid,4058,21,74488,1975,24,4029.34
C0217,M05,13,content_seo,churn_risico,conversie,754,7,10895,476,36,20309.31
C0218,M05,12,social_organisch,churn_risico,retentie,5911,21,57957,2189,50,26794.83
C0219,M05,16,direct_mail,churn_risico,retentie,4208,30,58503,1844,40,14561.49
C0220,M05,16,content_seo,churn_risico,leadgen,2806,14,54881,3764,250,77905.58
C0221,M05,22,social_organisch,churn_risico,leadgen,1098,21,14153,309,8,2636.06
C0222,M05,1,email,churn_risico,conversie,5343,21,100155,2641,79,51841.91
C0223,M05,12,event,koude_prospects,merkbekendheid,2609,30,23099,669,13,4347.96
C0224,M05,13,email,bestaande_klanten,retentie,2318,14,32341,660,45,19535.96
C0225,M05,20,social_betaald,bestaande_klanten,retentie,5416,30,54264,1342,49,16230.73
C0226,M05,23,direct_mail,warme_leads,conversie,2845,14,42533,1067,58,28957.56
C0227,M05,10,event,churn_risico,retentie,5365,7,94432,2197,8,4001.7
C0228,M05,19,content_seo,koude_prospects,merkbekendheid,4926,30,77516,3630,77,35868.04
C0229,M05,14,event,bestaande_klanten,conversie,5507,21,101975,5241,390,73888.33
C0230,M05,20,zoekmachine_adv,warme_leads,retentie,2979,14,59091,1780,62,36967.51
C0231,M05,22,zoekmachine_adv,churn_risico,retentie,4423,21,71856,2911,220,42430.78
C0232,M05,11,event,koude_prospects,leadgen,3227,21,29891,1040,11,3663.54
C0233,M05,15,event,churn_risico,leadgen,4236,7,45744,2321,61,35132.32
C0234,M05,5,content_seo,warme_leads,merkbekendheid,4588,14,55040,1422,55,18211.61
C0235,M05,4,content_seo,koude_prospects,leadgen,3720,30,65232,2782,110,55756.73
C0236,M05,8,direct_mail,bestaande_klanten,merkbekendheid,2693,21,47832,2658,140,42184.71
C0237,M05,20,content_seo,warme_leads,leadgen,5838,7,90718,3655,138,53867.09
C0238,M05,2,zoekmachine_adv,bestaande_klanten,retentie,1275,30,19249,885,50,19281.8
C0239,M05,14,social_organisch,bestaande_klanten,conversie,1509,7,20219,730,34,17166.61
C0240,M05,16,email,koude_prospects,conversie,3175,21,52348,1688,73,40550.86
C0241,M05,14,email,churn_risico,leadgen,936,14,10062,257,3,1573.32
C0242,M05,4,social_betaald,koude_prospects,conversie,4907,21,49095,1044,49,23392.55
C0243,M05,15,zoekmachine_adv,warme_leads,conversie,2112,21,22212,1112,28,2999.38
C0244,M05,9,zoekmachine_adv,warme_leads,conversie,979,21,12820,454,20,7099.0
C0245,M05,18,direct_mail,churn_risico,retentie,1426,30,13784,365,19,3887.85
C0246,M05,11,zoekmachine_adv,churn_risico,merkbekendheid,5703,14,52779,2700,244,76571.3
C0247,M05,18,social_betaald,bestaande_klanten,leadgen,2008,30,45058,1812,111,13420.43
C0248,M05,11,content_seo,koude_prospects,conversie,1765,30,32494,882,48,11790.84
C0249,M05,21,zoekmachine_adv,bestaande_klanten,leadgen,4367,21,41493,1591,83,48709.56
C0250,M05,24,content_seo,koude_prospects,conversie,5053,14,91555,5194,171,107898.01
C0251,M05,9,social_organisch,warme_leads,merkbekendheid,1276,21,19381,290,7,569.97
C0252,M05,20,social_organisch,churn_risico,merkbekendheid,3087,7,36371,1745,73,31603.37
C0253,M05,15,zoekmachine_adv,bestaande_klanten,merkbekendheid,2060,21,37836,1661,69,16553.69
C0254,M05,3,social_organisch,churn_risico,merkbekendheid,2361,7,52340,621,0,0.0
C0255,M05,3,direct_mail,churn_risico,retentie,2925,14,57963,3098,90,45276.7
C0256,M05,15,email,koude_prospects,conversie,4264,7,43042,1327,35,23384.34
C0257,M05,6,direct_mail,koude_prospects,merkbekendheid,1331,14,12544,369,10,1933.15
C0258,M05,9,social_organisch,warme_leads,conversie,992,21,17685,621,39,22147.22
C0259,M05,15,content_seo,churn_risico,retentie,5725,30,101365,4196,347,179399.34
C0260,M06,24,social_organisch,churn_risico,leadgen,262,21,2623,102,5,832.82
C0261,M06,9,zoekmachine_adv,koude_prospects,leadgen,229,14,2132,52,3,584.86
C0262,M06,9,zoekmachine_adv,churn_risico,merkbekendheid,169,21,2098,76,4,2131.86
C0263,M06,9,event,koude_prospects,leadgen,211,14,2506,87,4,2283.31
C0264,M06,20,direct_mail,churn_risico,conversie,76,30,1315,60,0,0.0
C0265,M06,23,social_betaald,warme_leads,conversie,346,14,4369,132,2,1041.95
C0266,M06,19,zoekmachine_adv,churn_risico,leadgen,180,21,1825,67,1,474.01
C0267,M06,1,email,warme_leads,conversie,135,14,2266,87,2,1432.99
C0268,M06,15,direct_mail,bestaande_klanten,retentie,447,30,3947,146,2,619.79
C0269,M06,20,social_betaald,bestaande_klanten,leadgen,178,7,3421,130,2,189.76
C0270,M06,9,event,bestaande_klanten,merkbekendheid,268,7,5339,162,7,3303.97
C0271,M06,21,social_betaald,bestaande_klanten,merkbekendheid,248,14,4743,198,2,1007.64
C0272,M06,6,social_organisch,warme_leads,retentie,365,30,4392,60,2,833.12
C0273,M06,5,social_betaald,koude_prospects,conversie,81,21,1174,6,0,0.0
C0274,M06,21,direct_mail,warme_leads,leadgen,396,30,6670,238,4,1354.01
C0275,M06,11,email,churn_risico,leadgen,145,21,1632,88,7,1066.66
C0276,M06,19,zoekmachine_adv,warme_leads,leadgen,440,21,4330,181,2,484.77
C0277,M06,18,direct_mail,koude_prospects,retentie,458,21,6419,164,5,2331.6
C0278,M06,19,zoekmachine_adv,warme_leads,retentie,264,7,3372,88,3,454.0
C0279,M06,5,social_organisch,koude_prospects,retentie,213,7,2130,99,5,2451.47
C0280,M06,20,content_seo,churn_risico,conversie,249,30,3460,122,3,1642.67
C0281,M06,7,email,warme_leads,leadgen,424,21,3845,172,4,724.71
C0282,M06,15,direct_mail,bestaande_klanten,leadgen,431,14,5667,304,26,2736.03
C0283,M06,1,zoekmachine_adv,churn_risico,conversie,303,21,4550,201,2,1496.96
C0284,M06,20,event,churn_risico,retentie,273,7,5180,268,18,6802.9
C0285,M06,8,social_betaald,churn_risico,merkbekendheid,314,14,4941,83,1,331.61
C0286,M06,7,zoekmachine_adv,bestaande_klanten,merkbekendheid,370,7,5677,117,5,603.93
C0287,M06,13,zoekmachine_adv,churn_risico,retentie,155,7,1865,71,3,1673.38
C0288,M06,13,direct_mail,bestaande_klanten,retentie,439,30,6928,444,22,2501.7
C0289,M06,4,zoekmachine_adv,warme_leads,conversie,339,21,5451,100,2,414.72
C0290,M06,17,social_organisch,koude_prospects,retentie,193,7,2942,88,0,0.0
C0291,M06,24,email,bestaande_klanten,retentie,82,7,787,42,0,0.0
C0292,M06,15,email,warme_leads,retentie,181,7,1452,65,0,0.0
C0293,M06,10,zoekmachine_adv,churn_risico,merkbekendheid,299,7,4382,229,18,8447.29
C0294,M06,22,social_organisch,churn_risico,conversie,398,30,5785,262,8,4695.92
C0295,M06,1,direct_mail,churn_risico,retentie,395,7,3222,136,6,2218.84
C0296,M06,19,zoekmachine_adv,bestaande_klanten,conversie,236,21,3479,88,4,2593.61
C0297,M06,5,social_organisch,koude_prospects,conversie,429,7,4261,170,6,1700.22
C0298,M06,24,content_seo,warme_leads,retentie,427,21,8363,249,5,1088.86
C0299,M06,20,direct_mail,bestaande_klanten,merkbekendheid,137,7,2197,105,8,2100.22
C0300,M06,23,email,bestaande_klanten,leadgen,329,7,3530,143,7,3757.87
C0301,M06,20,content_seo,bestaande_klanten,conversie,68,30,677,14,0,0.0
C0302,M06,19,email,warme_leads,conversie,374,7,5747,80,2,365.69
C0303,M06,9,direct_mail,bestaande_klanten,conversie,261,7,4182,172,7,1458.14
C0304,M06,13,social_organisch,bestaande_klanten,conversie,100,14,1438,55,1,163.38
C0305,M06,22,email,churn_risico,retentie,371,14,4801,179,5,1938.31
C0306,M06,19,social_betaald,koude_prospects,conversie,146,21,2971,62,2,544.69
C0307,M06,12,direct_mail,bestaande_klanten,conversie,247,21,4857,129,7,2517.05
C0308,M06,23,content_seo,churn_risico,leadgen,137,7,1613,95,4,2333.72
C0309,M06,13,email,churn_risico,retentie,418,14,6842,216,11,1998.57
C0310,M06,18,zoekmachine_adv,churn_risico,leadgen,345,14,3736,97,2,857.62
C0311,M06,4,event,bestaande_klanten,retentie,156,14,2417,96,3,577.6
C0312,M06,6,direct_mail,warme_leads,retentie,270,7,5212,151,10,4264.03
C0313,M06,16,social_organisch,koude_prospects,retentie,130,30,2229,39,0,0.0
C0314,M06,8,social_betaald,warme_leads,merkbekendheid,166,7,3491,41,0,0.0
C0315,M06,2,content_seo,bestaande_klanten,leadgen,328,30,6544,109,3,1007.16
C0316,M06,8,social_betaald,warme_leads,retentie,161,7,3736,146,7,3008.98
C0317,M06,2,direct_mail,churn_risico,merkbekendheid,66,30,1124,56,3,1414.39
C0318,M06,22,social_betaald,churn_risico,conversie,392,14,4507,130,3,736.05
C0319,M06,24,social_organisch,bestaande_klanten,leadgen,276,14,4980,361,17,5631.34
C0320,M06,22,zoekmachine_adv,koude_prospects,leadgen,292,21,3370,192,12,6991.62
C0321,M06,5,content_seo,churn_risico,retentie,153,7,2479,80,3,730.52
C0322,M06,12,content_seo,bestaande_klanten,leadgen,199,14,1655,50,2,205.0
C0323,M07,19,direct_mail,koude_prospects,retentie,2063,7,18368,459,20,5597.76
C0324,M07,24,event,bestaande_klanten,conversie,5073,21,47040,1391,37,26465.14
C0325,M07,16,content_seo,warme_leads,conversie,3626,30,37970,2077,86,48560.02
C0326,M07,16,social_organisch,churn_risico,conversie,790,30,8870,351,20,6745.34
C0327,M07,21,event,warme_leads,retentie,2035,21,18577,582,32,13325.72
C0328,M07,3,direct_mail,koude_prospects,conversie,3479,30,63932,2103,14,5416.46
C0329,M07,23,social_betaald,churn_risico,merkbekendheid,1265,30,20205,751,29,3324.91
C0330,M07,15,direct_mail,churn_risico,merkbekendheid,2306,14,39724,706,33,14061.86
C0331,M07,13,direct_mail,koude_prospects,retentie,4401,21,73060,2077,54,10077.0
C0332,M07,19,zoekmachine_adv,churn_risico,retentie,4805,21,63497,2568,30,9917.5
C0333,M07,6,social_betaald,warme_leads,leadgen,1320,14,29861,66,1,443.11
C0334,M07,16,social_betaald,bestaande_klanten,conversie,1796,7,41003,1282,88,43270.7
C0335,M07,7,social_betaald,bestaande_klanten,conversie,5695,21,71647,4147,154,31118.15
C0336,M07,2,content_seo,koude_prospects,leadgen,4574,7,38927,1545,8,4472.28
C0337,M07,2,event,warme_leads,conversie,5524,14,61326,2460,148,100530.43
C0338,M07,20,direct_mail,bestaande_klanten,merkbekendheid,1177,30,17152,695,26,2349.41
C0339,M07,11,social_organisch,churn_risico,conversie,2897,30,44112,1346,76,16332.92
C0340,M07,9,social_organisch,churn_risico,leadgen,3736,30,74178,3252,174,52029.4
C0341,M07,1,event,koude_prospects,retentie,3881,30,35201,1967,122,68766.75
C0342,M07,5,social_betaald,bestaande_klanten,retentie,4909,30,58175,1742,58,24855.95
C0343,M07,15,zoekmachine_adv,churn_risico,merkbekendheid,3904,30,42963,1257,42,11490.58
C0344,M07,18,social_betaald,bestaande_klanten,retentie,975,21,11925,348,13,2046.47
C0345,M07,12,direct_mail,churn_risico,conversie,1769,21,30799,936,33,9777.65
C0346,M07,1,direct_mail,koude_prospects,leadgen,1910,14,36596,1214,73,19816.86
C0347,M07,2,social_organisch,warme_leads,merkbekendheid,2896,14,55616,1063,51,12096.66
C0348,M07,11,direct_mail,bestaande_klanten,conversie,2527,30,21042,802,64,14898.81
C0349,M07,11,direct_mail,warme_leads,merkbekendheid,4225,7,61603,2139,129,20453.26
C0350,M07,19,social_organisch,bestaande_klanten,retentie,3206,30,46728,1719,89,27098.82
C0351,M07,7,event,koude_prospects,conversie,1695,21,32885,911,81,33096.8
C0352,M07,5,direct_mail,churn_risico,conversie,5188,30,103522,2155,70,23175.77
C0353,M07,7,social_betaald,bestaande_klanten,retentie,3752,30,86472,4372,114,46899.4
C0354,M07,24,event,bestaande_klanten,leadgen,2255,14,29694,749,26,3706.73
C0355,M07,14,content_seo,warme_leads,retentie,5801,30,115687,3991,287,56269.76
C0356,M07,2,direct_mail,churn_risico,conversie,1540,7,27736,972,36,22243.83
C0357,M07,2,event,koude_prospects,leadgen,2069,30,35119,1371,59,33716.17
C0358,M07,24,zoekmachine_adv,bestaande_klanten,conversie,3110,7,61754,2568,153,82906.14
C0359,M07,23,email,warme_leads,merkbekendheid,4744,21,74451,2497,108,34259.63
C0360,M07,9,social_betaald,warme_leads,leadgen,895,21,9357,251,8,2995.43
C0361,M07,21,direct_mail,koude_prospects,retentie,4388,30,56773,2138,107,31906.2
C0362,M07,10,zoekmachine_adv,warme_leads,leadgen,2517,21,40320,1220,64,31543.67
C0363,M07,14,event,koude_prospects,conversie,3001,14,37994,1911,80,34994.7
C0364,M07,9,event,warme_leads,merkbekendheid,5440,21,84959,3497,96,10907.14
C0365,M07,14,email,koude_prospects,conversie,3927,21,62299,3100,170,122097.32
C0366,M07,24,direct_mail,warme_leads,retentie,3668,30,42569,1216,77,16036.01
C0367,M07,1,social_organisch,koude_prospects,retentie,5105,7,55135,1980,142,52179.58
C0368,M07,5,email,warme_leads,conversie,2800,7,54596,1778,94,63797.38
C0369,M07,14,email,warme_leads,leadgen,4610,30,76171,2418,110,13657.21
C0370,M07,16,event,warme_leads,merkbekendheid,5846,14,70772,2448,92,53314.91
C0371,M07,12,social_organisch,warme_leads,retentie,1770,7,26989,420,14,7095.05
C0372,M07,9,email,warme_leads,leadgen,4213,7,83140,3373,136,33172.78
C0373,M07,7,event,churn_risico,merkbekendheid,1897,14,17575,711,27,7029.32
C0374,M07,11,email,churn_risico,retentie,1964,21,30864,1307,43,6019.52
C0375,M07,14,social_betaald,warme_leads,leadgen,3048,21,33994,820,3,465.54
C0376,M07,9,event,churn_risico,leadgen,1411,21,16493,319,19,11234.08
C0377,M07,6,email,koude_prospects,merkbekendheid,5824,14,83372,3056,64,36493.91
C0378,M07,2,social_betaald,koude_prospects,retentie,1648,21,38315,1218,95,44136.95
C0379,M07,23,zoekmachine_adv,warme_leads,merkbekendheid,1896,30,21287,876,28,12295.71
C0380,M07,15,social_organisch,koude_prospects,leadgen,3094,30,55949,1795,82,39263.8
C0381,M07,16,event,koude_prospects,retentie,5530,21,95385,4152,200,109327.5
C0382,M07,16,content_seo,koude_prospects,retentie,5074,30,95362,2649,69,40091.91
C0383,M07,20,direct_mail,koude_prospects,retentie,3756,14,58039,2331,145,65752.93
C0384,M07,21,zoekmachine_adv,warme_leads,merkbekendheid,3341,14,46814,1794,41,7448.31
C0385,M07,24,zoekmachine_adv,churn_risico,retentie,3446,21,61233,2091,108,44100.0
C0386,M07,19,zoekmachine_adv,churn_risico,conversie,5488,21,76689,2890,96,66939.27
C0387,M08,14,content_seo,warme_leads,merkbekendheid,234,30,4511,87,2,374.93
C0388,M08,23,content_seo,churn_risico,retentie,1530,21,27950,617,26,5747.96
C0389,M08,14,email,koude_prospects,conversie,1007,7,16713,428,6,3904.24
C0390,M08,23,email,koude_prospects,merkbekendheid,1695,14,28967,1146,41,21782.48
C0391,M08,1,direct_mail,koude_prospects,leadgen,371,7,6165,208,9,2072.97
C0392,M08,4,social_betaald,koude_prospects,conversie,574,14,7847,391,18,5686.26
C0393,M08,24,content_seo,koude_prospects,merkbekendheid,581,30,10410,179,4,1529.77
C0394,M08,14,social_organisch,koude_prospects,retentie,692,21,12918,611,21,5977.92
C0395,M08,9,social_betaald,warme_leads,conversie,1314,14,29182,501,5,1606.52
C0396,M08,23,email,bestaande_klanten,retentie,1316,7,17508,477,21,5363.35
C0397,M08,14,zoekmachine_adv,bestaande_klanten,conversie,539,30,7779,176,8,1107.65
C0398,M08,15,social_betaald,churn_risico,conversie,549,7,10567,446,18,9057.34
C0399,M08,22,direct_mail,bestaande_klanten,leadgen,1680,7,24973,503,32,15426.58
C0400,M08,15,email,churn_risico,retentie,599,7,5196,190,8,2747.18
C0401,M08,21,social_betaald,koude_prospects,conversie,936,30,10902,183,7,1629.49
C0402,M08,5,social_organisch,bestaande_klanten,retentie,1596,30,32427,547,13,4267.67
C0403,M08,6,zoekmachine_adv,warme_leads,conversie,1116,14,12827,435,17,10789.49
C0404,M08,5,zoekmachine_adv,koude_prospects,leadgen,1261,21,13953,687,29,6938.23
C0405,M08,2,zoekmachine_adv,koude_prospects,merkbekendheid,1026,30,12467,361,9,3899.37
C0406,M08,18,social_betaald,bestaande_klanten,leadgen,1151,30,14852,585,4,2383.37
C0407,M08,15,email,warme_leads,conversie,1744,14,19402,856,10,1455.67
C0408,M08,2,social_organisch,bestaande_klanten,retentie,1716,21,22904,1042,30,15273.36
C0409,M08,12,direct_mail,churn_risico,retentie,1143,30,18745,491,18,2825.7
C0410,M08,19,direct_mail,warme_leads,leadgen,1610,7,25264,908,63,9336.59
C0411,M08,17,email,koude_prospects,retentie,675,14,8601,444,2,420.6
C0412,M08,11,event,bestaande_klanten,merkbekendheid,673,30,6597,286,20,8548.52
C0413,M08,11,social_organisch,koude_prospects,merkbekendheid,566,21,12185,483,14,7937.92
C0414,M08,20,social_organisch,churn_risico,conversie,1439,21,21741,1013,42,15151.61
C0415,M08,24,zoekmachine_adv,koude_prospects,conversie,1360,7,24427,912,37,7014.1
C0416,M08,24,event,bestaande_klanten,conversie,262,7,3229,118,4,1512.46
C0417,M08,21,social_betaald,churn_risico,retentie,1184,7,13487,590,26,8954.31
C0418,M08,24,social_betaald,churn_risico,leadgen,961,30,20273,632,34,4693.95
C0419,M08,8,content_seo,koude_prospects,merkbekendheid,1689,7,22766,681,20,8257.71
C0420,M08,2,social_organisch,koude_prospects,conversie,867,7,12325,350,21,14508.86
C0421,M08,19,email,bestaande_klanten,leadgen,1400,14,21304,756,45,6649.41
C0422,M08,14,social_organisch,warme_leads,merkbekendheid,657,21,6893,236,5,904.35
C0423,M08,21,event,warme_leads,conversie,890,7,9247,404,16,4322.2
C0424,M08,24,direct_mail,koude_prospects,merkbekendheid,714,21,5828,255,14,5720.38
C0425,M08,2,content_seo,warme_leads,retentie,1036,30,10827,425,10,4740.53
C0426,M08,9,event,bestaande_klanten,leadgen,1326,30,22937,741,34,5165.43
C0427,M08,12,social_betaald,bestaande_klanten,merkbekendheid,946,21,15967,436,14,7908.06
C0428,M08,9,event,warme_leads,leadgen,1490,30,16165,625,19,4005.25
C0429,M08,24,zoekmachine_adv,churn_risico,leadgen,1478,7,19796,1099,51,8670.64
C0430,M08,2,social_betaald,koude_prospects,retentie,873,7,16295,910,66,34661.45
C0431,M08,11,zoekmachine_adv,churn_risico,merkbekendheid,1355,30,24186,952,53,7998.39
C0432,M08,2,social_organisch,koude_prospects,conversie,1248,21,24893,925,29,7263.15
C0433,M08,20,social_betaald,churn_risico,conversie,451,14,8281,412,22,4728.54
C0434,M08,21,social_organisch,churn_risico,conversie,557,7,11389,406,14,7443.93
C0435,M08,15,social_organisch,bestaande_klanten,merkbekendheid,1328,14,21805,877,22,6909.76
C0436,M08,4,social_betaald,koude_prospects,conversie,838,7,16296,926,73,27918.17
C0437,M08,8,content_seo,koude_prospects,merkbekendheid,1670,21,19268,522,10,3293.5
C0438,M08,3,direct_mail,koude_prospects,conversie,268,30,3710,124,4,918.7
C0439,M08,13,zoekmachine_adv,churn_risico,merkbekendheid,775,30,12792,381,17,6692.12
C0440,M09,11,direct_mail,churn_risico,retentie,1428,7,14703,576,44,6105.36
C0441,M09,7,social_betaald,churn_risico,retentie,1503,14,16179,521,15,6366.75
C0442,M09,24,social_organisch,churn_risico,leadgen,1090,14,16109,910,46,11094.45
C0443,M09,6,zoekmachine_adv,churn_risico,leadgen,616,7,7118,210,11,5936.62
C0444,M09,3,email,bestaande_klanten,retentie,1606,21,25571,1265,84,42035.84
C0445,M09,2,email,koude_prospects,merkbekendheid,1366,21,16446,39,0,0.0
C0446,M09,17,event,churn_risico,merkbekendheid,653,7,11649,547,37,19790.72
C0447,M09,14,social_betaald,churn_risico,retentie,1545,21,36400,1076,64,35535.76
C0448,M09,13,social_betaald,koude_prospects,conversie,463,14,9358,280,21,15143.96
C0449,M09,7,zoekmachine_adv,churn_risico,leadgen,1472,30,21607,817,40,12559.4
C0450,M09,16,event,koude_prospects,leadgen,410,30,5753,236,9,3530.86
C0451,M09,7,social_betaald,bestaande_klanten,conversie,1293,21,27943,1141,79,37520.49
C0452,M09,10,event,churn_risico,leadgen,609,21,11781,490,13,7522.32
C0453,M09,6,social_betaald,bestaande_klanten,conversie,1613,21,31568,1098,43,20805.84
C0454,M09,11,email,koude_prospects,merkbekendheid,655,21,7665,60,1,426.75
C0455,M09,13,direct_mail,churn_risico,leadgen,1387,21,11454,483,24,13488.04
C0456,M09,23,email,koude_prospects,conversie,1339,21,10897,160,0,0.0
C0457,M09,11,email,churn_risico,merkbekendheid,845,30,10494,162,2,731.71
C0458,M09,10,direct_mail,koude_prospects,retentie,1208,21,12905,381,19,4553.03
C0459,M09,23,social_organisch,bestaande_klanten,retentie,1596,30,25964,808,28,14559.91
C0460,M09,9,content_seo,churn_risico,conversie,861,30,10064,246,1,277.03
C0461,M09,5,event,bestaande_klanten,merkbekendheid,677,7,9493,319,15,5629.18
C0462,M09,15,social_organisch,warme_leads,retentie,1531,7,25599,628,12,4965.37
C0463,M09,18,email,warme_leads,conversie,1074,7,18048,635,40,15706.65
C0464,M09,23,event,churn_risico,merkbekendheid,1138,14,13208,317,11,2741.88
C0465,M09,18,email,churn_risico,retentie,315,30,3078,73,2,891.56
C0466,M09,4,direct_mail,bestaande_klanten,leadgen,533,14,7680,299,16,5621.09
C0467,M09,24,social_betaald,koude_prospects,retentie,1243,30,20028,880,22,7711.96
C0468,M09,12,email,koude_prospects,merkbekendheid,1442,21,21662,542,13,1166.06
C0469,M09,17,social_betaald,churn_risico,retentie,578,14,12230,560,29,12839.88
C0470,M09,10,event,koude_prospects,merkbekendheid,917,7,8478,485,43,12667.01
C0471,M09,16,direct_mail,warme_leads,conversie,1672,7,28759,1318,87,21994.58
C0472,M09,14,event,bestaande_klanten,retentie,463,30,6756,409,15,8547.89
C0473,M09,19,direct_mail,koude_prospects,leadgen,1007,14,15309,797,43,4985.82
C0474,M09,22,email,bestaande_klanten,retentie,871,7,15674,852,60,5060.62
C0475,M09,5,email,warme_leads,retentie,874,21,10578,352,17,5406.31
C0476,M09,7,social_betaald,warme_leads,merkbekendheid,1057,21,24009,940,52,24778.38
C0477,M09,12,social_organisch,bestaande_klanten,merkbekendheid,554,14,12473,386,18,2601.63
C0478,M09,13,direct_mail,koude_prospects,merkbekendheid,313,14,3044,176,5,528.12
C0479,M09,4,content_seo,warme_leads,conversie,1158,30,21525,242,3,505.25
C0480,M09,19,content_seo,churn_risico,merkbekendheid,642,7,8505,352,8,2253.88
C0481,M09,19,zoekmachine_adv,bestaande_klanten,merkbekendheid,898,21,12112,228,7,1935.35
C0482,M09,20,content_seo,koude_prospects,merkbekendheid,1250,14,20875,978,63,8362.25
C0483,M09,22,social_betaald,warme_leads,leadgen,463,21,10244,423,13,7696.53
C0484,M09,6,content_seo,warme_leads,retentie,1223,21,20481,925,27,13823.69
C0485,M09,17,content_seo,churn_risico,merkbekendheid,1332,30,25983,602,15,7736.71
C0486,M09,8,email,churn_risico,merkbekendheid,1148,21,21892,696,12,3700.04
C0487,M09,22,event,churn_risico,leadgen,1411,14,15929,385,8,3370.96
C0488,M09,19,event,churn_risico,merkbekendheid,1186,7,16004,981,1,370.73
C0489,M09,18,zoekmachine_adv,bestaande_klanten,conversie,753,30,13069,319,8,3208.26
C0490,M09,2,content_seo,bestaande_klanten,conversie,303,7,5974,188,7,3973.3
C0491,M10,15,direct_mail,bestaande_klanten,conversie,576,14,8443,176,10,2426.8
C0492,M10,6,email,koude_prospects,leadgen,655,7,6045,301,6,621.78
C0493,M10,18,social_organisch,koude_prospects,leadgen,1133,14,20009,933,31,13510.83
C0494,M10,3,social_organisch,koude_prospects,conversie,1231,7,25603,849,36,16002.89
C0495,M10,18,event,bestaande_klanten,leadgen,378,14,5763,242,7,1765.72
C0496,M10,12,content_seo,churn_risico,retentie,826,30,11222,528,12,5676.0
C0497,M10,11,content_seo,warme_leads,conversie,524,21,9205,247,5,2237.57
C0498,M10,9,event,koude_prospects,merkbekendheid,1357,14,17072,732,37,11999.37
C0499,M10,14,email,churn_risico,conversie,1552,7,18965,845,54,39920.91
C0500,M10,24,content_seo,koude_prospects,leadgen,749,7,11498,516,23,4069.54
C0501,M10,14,content_seo,churn_risico,merkbekendheid,268,30,2707,121,2,916.98
C0502,M10,23,event,bestaande_klanten,merkbekendheid,938,30,18619,410,28,15405.47
C0503,M10,8,zoekmachine_adv,bestaande_klanten,merkbekendheid,1755,14,28591,922,58,12867.77
C0504,M10,9,event,koude_prospects,conversie,1343,30,11507,396,22,10211.35
C0505,M10,12,email,koude_prospects,merkbekendheid,825,7,7303,209,7,1661.37
C0506,M10,21,event,warme_leads,conversie,765,21,6520,235,15,5112.49
C0507,M10,14,email,bestaande_klanten,merkbekendheid,861,30,16909,271,7,4139.17
C0508,M10,3,zoekmachine_adv,bestaande_klanten,leadgen,612,21,6183,352,17,2159.16
C0509,M10,9,zoekmachine_adv,warme_leads,leadgen,1079,14,21430,741,59,20392.76
C0510,M10,9,content_seo,warme_leads,retentie,1116,30,15021,429,10,5820.76
C0511,M10,19,social_betaald,warme_leads,retentie,1429,21,25531,641,2,278.26
C0512,M10,4,social_betaald,churn_risico,retentie,1680,30,31400,538,16,7734.02
C0513,M10,7,social_betaald,warme_leads,merkbekendheid,1192,14,24201,122,2,969.94
C0514,M10,19,content_seo,warme_leads,merkbekendheid,804,30,12974,359,13,4942.88
C0515,M10,10,social_betaald,warme_leads,conversie,269,21,4193,107,5,667.21
C0516,M10,22,email,bestaande_klanten,retentie,1133,30,21645,706,57,29560.87
C0517,M10,2,content_seo,churn_risico,merkbekendheid,1150,21,16933,847,36,14509.61
C0518,M10,18,email,churn_risico,leadgen,1114,7,18521,643,44,12897.99
C0519,M10,6,social_betaald,warme_leads,retentie,1634,7,19058,494,29,6506.21
C0520,M10,13,content_seo,bestaande_klanten,leadgen,1664,30,26758,1590,95,10067.59
C0521,M10,9,zoekmachine_adv,koude_prospects,merkbekendheid,804,7,7044,262,13,5727.47
C0522,M10,2,social_organisch,koude_prospects,retentie,693,30,11194,389,17,8926.29
C0523,M10,17,social_organisch,churn_risico,merkbekendheid,262,21,4677,112,3,633.51
C0524,M10,2,social_betaald,bestaande_klanten,retentie,270,30,4856,205,7,1931.82
C0525,M10,13,social_organisch,bestaande_klanten,conversie,1500,21,33688,1020,47,9541.8
C0526,M10,19,email,koude_prospects,merkbekendheid,484,21,4022,98,4,2024.03
C0527,M10,8,content_seo,churn_risico,leadgen,853,14,8818,312,11,5010.44
C0528,M10,20,social_betaald,koude_prospects,retentie,834,14,15453,494,25,12494.0
C0529,M10,6,email,churn_risico,conversie,535,7,8462,211,5,3896.66
C0530,M10,20,zoekmachine_adv,churn_risico,leadgen,1313,30,18591,712,20,9821.29
C0531,M10,10,direct_mail,bestaande_klanten,conversie,1486,14,17436,273,7,3891.46
C0532,M10,17,event,churn_risico,leadgen,880,7,7318,264,13,7403.85
C0533,M10,15,direct_mail,churn_risico,conversie,1671,21,17910,761,43,19068.29
C0534,M10,19,social_organisch,koude_prospects,leadgen,509,7,8086,369,16,5157.69
C0535,M10,17,event,koude_prospects,retentie,1660,30,17326,414,25,5100.48
C0536,M10,21,direct_mail,warme_leads,leadgen,1739,14,24350,1010,36,6062.94
C0537,M10,13,content_seo,churn_risico,merkbekendheid,947,7,16084,794,31,3180.63
C0538,M10,8,direct_mail,bestaande_klanten,conversie,1190,14,22129,641,22,6921.9
C0539,M10,18,email,warme_leads,leadgen,915,7,15790,662,43,6496.93
C0540,M10,13,social_organisch,churn_risico,conversie,862,21,16465,506,27,12831.24
C0541,M10,20,direct_mail,bestaande_klanten,conversie,965,30,10504,311,7,976.73
C0542,M10,20,zoekmachine_adv,warme_leads,merkbekendheid,1741,14,31132,1315,103,55831.16
C0543,M11,3,content_seo,bestaande_klanten,leadgen,1149,30,15393,285,10,3682.65
C0544,M11,15,social_betaald,churn_risico,merkbekendheid,354,21,3752,160,10,3874.03
C0545,M11,21,event,bestaande_klanten,retentie,1678,21,21221,1347,44,8203.31
C0546,M11,8,direct_mail,bestaande_klanten,merkbekendheid,283,21,4033,162,7,666.0
C0547,M11,12,content_seo,bestaande_klanten,retentie,977,7,10207,111,2,227.29
C0548,M11,8,event,churn_risico,retentie,646,21,9142,609,57,32891.63
C0549,M11,3,zoekmachine_adv,koude_prospects,conversie,1129,21,16225,616,28,9128.44
C0550,M11,11,social_organisch,warme_leads,conversie,550,30,10587,371,15,3732.91
C0551,M11,2,event,bestaande_klanten,retentie,729,21,6760,326,9,3799.64
C0552,M11,7,direct_mail,bestaande_klanten,merkbekendheid,723,21,13734,509,21,3511.14
C0553,M11,17,social_organisch,warme_leads,merkbekendheid,1183,30,16172,457,33,4318.2
C0554,M11,17,direct_mail,churn_risico,conversie,833,21,7997,391,23,4184.98
C0555,M11,17,direct_mail,warme_leads,conversie,1685,14,22371,946,71,42388.18
C0556,M11,17,zoekmachine_adv,koude_prospects,conversie,975,21,11019,505,29,7675.6
C0557,M11,14,direct_mail,warme_leads,merkbekendheid,226,30,2912,88,6,1239.62
C0558,M11,12,event,warme_leads,merkbekendheid,754,14,9373,348,20,6541.87
C0559,M11,21,email,bestaande_klanten,merkbekendheid,1571,7,19576,806,48,22208.28
C0560,M11,1,social_betaald,warme_leads,retentie,635,30,6724,274,5,964.04
C0561,M11,16,direct_mail,churn_risico,conversie,1019,14,13103,675,35,6871.42
C0562,M11,6,direct_mail,warme_leads,retentie,883,21,10253,362,21,9924.67
C0563,M11,17,event,churn_risico,retentie,440,30,3527,122,8,2668.42
C0564,M11,21,social_betaald,bestaande_klanten,conversie,1008,14,12706,578,11,5712.86
C0565,M11,16,social_betaald,koude_prospects,retentie,1547,14,19279,395,12,6673.08
C0566,M11,23,direct_mail,bestaande_klanten,conversie,857,14,7042,411,17,6361.24
C0567,M11,1,email,churn_risico,retentie,1069,30,14322,459,14,2749.67
C0568,M11,3,social_betaald,warme_leads,merkbekendheid,852,14,12119,593,9,1950.81
C0569,M11,7,email,koude_prospects,merkbekendheid,842,30,7659,260,6,1183.92
C0570,M11,17,email,bestaande_klanten,leadgen,1488,7,22904,788,46,11799.75
C0571,M11,9,social_organisch,churn_risico,merkbekendheid,608,30,6311,187,7,3701.26
C0572,M11,13,email,warme_leads,merkbekendheid,1403,30,14491,384,16,2755.17
C0573,M11,16,content_seo,warme_leads,leadgen,933,7,13924,490,6,1253.48
C0574,M11,2,social_betaald,bestaande_klanten,merkbekendheid,859,21,18095,528,37,9908.57
C0575,M11,5,event,koude_prospects,conversie,587,21,10053,361,10,6366.37
C0576,M11,21,social_organisch,warme_leads,merkbekendheid,1148,7,26574,1566,82,34301.15
C0577,M11,24,social_betaald,bestaande_klanten,leadgen,351,7,7894,130,1,433.23
C0578,M11,18,email,warme_leads,conversie,635,7,7999,381,16,8281.54
C0579,M11,21,direct_mail,bestaande_klanten,conversie,1698,30,18511,378,11,8245.71
C0580,M11,20,zoekmachine_adv,churn_risico,retentie,542,7,5669,181,6,3083.16
C0581,M11,12,email,koude_prospects,leadgen,611,7,7407,207,3,479.94
C0582,M11,2,social_betaald,bestaande_klanten,merkbekendheid,1436,7,20930,378,14,4571.24
C0583,M11,8,direct_mail,churn_risico,merkbekendheid,316,21,3026,144,11,5806.17
C0584,M11,8,zoekmachine_adv,churn_risico,merkbekendheid,425,30,4713,210,12,5675.72
C0585,M11,13,social_organisch,bestaande_klanten,conversie,603,30,12397,399,23,3069.07
C0586,M11,3,direct_mail,koude_prospects,merkbekendheid,1610,7,29831,1578,93,8628.78
C0587,M11,12,zoekmachine_adv,bestaande_klanten,leadgen,948,14,9065,457,23,4713.56
C0588,M11,8,event,bestaande_klanten,leadgen,1294,30,16809,620,26,2478.74
C0589,M12,22,social_organisch,koude_prospects,retentie,3542,14,64049,1875,85,34419.42
C0590,M12,8,event,warme_leads,merkbekendheid,4675,21,84722,3736,42,17878.02
C0591,M12,12,zoekmachine_adv,bestaande_klanten,merkbekendheid,3137,14,38593,1956,140,23235.35
C0592,M12,16,zoekmachine_adv,churn_risico,conversie,5390,30,55236,1524,61,31097.21
C0593,M12,18,social_organisch,churn_risico,merkbekendheid,1555,21,17888,391,13,4229.37
C0594,M12,7,social_betaald,koude_prospects,retentie,5820,7,78503,2724,117,13276.37
C0595,M12,20,social_organisch,warme_leads,conversie,5631,30,82162,2560,127,91874.57
C0596,M12,15,content_seo,bestaande_klanten,conversie,906,21,9218,341,7,2524.61
C0597,M12,8,direct_mail,bestaande_klanten,retentie,5406,7,70108,2973,109,14526.0
C0598,M12,1,event,churn_risico,merkbekendheid,4738,14,90799,4545,326,177221.32
C0599,M12,10,email,bestaande_klanten,retentie,1835,7,31240,1783,136,29613.87
C0600,M12,11,social_betaald,warme_leads,retentie,930,14,15073,575,26,7083.3
C0601,M12,23,social_betaald,warme_leads,leadgen,4149,7,45729,1175,57,15970.15
C0602,M12,19,email,koude_prospects,conversie,3542,14,31192,1274,30,11627.88
C0603,M12,3,direct_mail,churn_risico,retentie,3450,30,52560,1731,94,14489.45
C0604,M12,21,social_organisch,koude_prospects,retentie,2867,30,53639,1785,80,19946.42
C0605,M12,1,content_seo,bestaande_klanten,retentie,5633,21,65812,961,36,13734.06
C0606,M12,18,email,warme_leads,retentie,4569,14,39939,1340,18,1462.93
C0607,M12,10,direct_mail,bestaande_klanten,merkbekendheid,3779,14,67809,2859,128,67194.59
C0608,M12,10,zoekmachine_adv,bestaande_klanten,retentie,2219,7,26741,1131,45,17126.13
C0609,M12,19,email,warme_leads,retentie,2480,14,32236,505,12,5275.38
C0610,M12,9,content_seo,bestaande_klanten,conversie,2046,7,29411,791,41,8441.68
C0611,M12,18,event,koude_prospects,retentie,5178,14,43531,1975,117,25299.63
C0612,M12,6,content_seo,churn_risico,merkbekendheid,2526,30,26001,1174,55,11196.18
C0613,M12,16,zoekmachine_adv,bestaande_klanten,retentie,4931,14,73615,3696,211,98850.36
C0614,M12,18,social_organisch,bestaande_klanten,conversie,2701,21,63358,3355,219,146096.19
C0615,M12,5,social_betaald,churn_risico,conversie,4020,30,87598,2464,65,35867.12
C0616,M12,24,content_seo,koude_prospects,conversie,3057,21,49995,838,31,9839.72
C0617,M12,17,direct_mail,warme_leads,merkbekendheid,5752,14,71274,2206,67,16484.34
C0618,M12,24,social_betaald,bestaande_klanten,retentie,5013,21,55299,1881,81,11827.31
C0619,M12,15,event,koude_prospects,leadgen,5801,21,104088,3813,177,62757.98
C0620,M12,7,zoekmachine_adv,churn_risico,merkbekendheid,5213,14,43042,1199,43,18707.54
C0621,M12,20,zoekmachine_adv,churn_risico,conversie,2610,14,31461,1274,78,29373.83
C0622,M12,18,social_organisch,warme_leads,merkbekendheid,819,7,8461,485,25,2391.95
C0623,M12,17,email,warme_leads,retentie,4374,7,62486,1442,0,0.0
C0624,M12,9,direct_mail,churn_risico,leadgen,3011,14,32145,1242,64,22965.0
C0625,M12,24,social_betaald,warme_leads,retentie,1540,30,32041,1013,37,14633.73
C0626,M12,22,zoekmachine_adv,bestaande_klanten,merkbekendheid,2513,30,33492,1484,62,33551.27
C0627,M12,23,social_organisch,churn_risico,conversie,2090,7,26843,966,7,1638.43
C0628,M12,20,content_seo,churn_risico,retentie,2541,14,34667,1012,26,6403.63
C0629,M12,1,content_seo,churn_risico,merkbekendheid,1954,7,28266,283,9,2860.09
C0630,M12,2,email,warme_leads,conversie,1720,21,30379,587,30,18010.2
C0631,M12,22,social_betaald,bestaande_klanten,conversie,3174,7,72032,1905,134,77585.76
C0632,M12,21,email,koude_prospects,retentie,5330,7,82635,2304,123,59045.15
C0633,M12,16,direct_mail,bestaande_klanten,conversie,3269,30,39439,1031,74,42947.68
C0634,M12,9,event,koude_prospects,retentie,4451,21,72145,2485,53,9381.14
C0635,M12,3,zoekmachine_adv,koude_prospects,conversie,5611,30,79247,3172,125,55755.6
C0636,M12,8,content_seo,bestaande_klanten,merkbekendheid,3928,30,47758,667,14,3663.02
C0637,M12,20,social_betaald,churn_risico,leadgen,4669,14,46574,1698,89,31196.28
C0638,M12,13,direct_mail,warme_leads,retentie,4255,30,41013,1475,61,5126.07
C0639,M12,20,event,churn_risico,retentie,4171,14,42997,2316,132,18945.39
C0640,M12,22,zoekmachine_adv,warme_leads,merkbekendheid,3454,14,52203,621,20,1698.98
C0641,M12,3,direct_mail,koude_prospects,leadgen,4305,21,57626,1223,49,19189.13
C0642,M12,18,email,bestaande_klanten,merkbekendheid,1079,14,9804,366,18,6481.17
C0643,M13,3,email,churn_risico,merkbekendheid,927,21,10067,349,15,7989.73
C0644,M13,13,email,bestaande_klanten,retentie,2844,14,40510,1828,105,40370.41
C0645,M13,17,event,churn_risico,retentie,2979,30,35230,643,40,20149.09
C0646,M13,5,social_betaald,warme_leads,retentie,3357,21,33946,1791,149,17661.22
C0647,M13,17,social_organisch,churn_risico,retentie,3818,7,42004,797,13,2191.07
C0648,M13,15,social_organisch,bestaande_klanten,merkbekendheid,5488,7,100816,3033,101,8579.83
C0649,M13,10,social_betaald,warme_leads,leadgen,2810,14,45357,2484,113,56171.98
C0650,M13,11,zoekmachine_adv,warme_leads,retentie,3981,30,59712,1255,35,17420.88
C0651,M13,14,social_betaald,koude_prospects,retentie,3810,7,38552,1320,4,653.43
C0652,M13,2,zoekmachine_adv,warme_leads,merkbekendheid,2639,30,40067,859,28,14207.81
C0653,M13,18,social_organisch,koude_prospects,merkbekendheid,4193,14,59128,1359,12,6195.15
C0654,M13,5,event,churn_risico,leadgen,5634,21,103959,2358,101,47523.79
C0655,M13,18,social_betaald,bestaande_klanten,leadgen,2181,7,51533,2138,46,19713.26
C0656,M13,22,email,bestaande_klanten,conversie,3828,14,51069,1787,106,80699.53
C0657,M13,12,direct_mail,bestaande_klanten,merkbekendheid,3760,14,63778,2587,140,52931.43
C0658,M13,23,event,warme_leads,conversie,1518,14,29056,876,41,18878.82
C0659,M13,23,social_organisch,churn_risico,conversie,2267,14,44069,600,8,4484.96
C0660,M13,24,content_seo,warme_leads,retentie,4047,7,46887,2335,117,28489.35
C0661,M13,14,content_seo,koude_prospects,leadgen,5228,30,80417,4243,251,60925.05
C0662,M13,11,event,churn_risico,retentie,2756,7,43666,1016,17,4109.76
C0663,M13,5,content_seo,churn_risico,conversie,3340,7,62372,2941,143,15707.28
C0664,M13,19,email,bestaande_klanten,conversie,2848,7,54059,2742,135,21776.56
C0665,M13,19,email,koude_prospects,conversie,860,7,10143,151,6,1231.87
C0666,M13,12,content_seo,bestaande_klanten,leadgen,5990,21,55397,2584,124,60905.58
C0667,M13,13,zoekmachine_adv,koude_prospects,merkbekendheid,5135,30,86414,3974,221,88590.72
C0668,M13,10,social_betaald,koude_prospects,retentie,1675,30,19023,510,1,226.11
C0669,M13,4,content_seo,churn_risico,leadgen,5458,14,73944,3717,180,22845.08
C0670,M13,17,social_betaald,koude_prospects,retentie,4699,21,95003,2889,80,13570.39
C0671,M13,1,social_organisch,warme_leads,retentie,1079,30,24154,1075,63,7711.66
C0672,M13,6,content_seo,koude_prospects,leadgen,1917,7,19533,697,25,10358.44
C0673,M13,9,email,churn_risico,merkbekendheid,3031,14,33208,894,18,6660.89
C0674,M13,11,content_seo,warme_leads,retentie,4275,21,41332,1990,86,12256.56
C0675,M13,4,social_betaald,churn_risico,merkbekendheid,5373,30,64579,1448,73,13471.13
C0676,M13,22,zoekmachine_adv,churn_risico,leadgen,4874,21,50080,2055,170,79836.17
C0677,M13,5,content_seo,koude_prospects,conversie,5973,21,66145,1197,59,25760.71
C0678,M13,24,social_organisch,bestaande_klanten,retentie,5929,30,121600,4452,120,35662.4
C0679,M13,10,zoekmachine_adv,churn_risico,conversie,5949,14,88368,5213,255,134245.91
C0680,M13,9,direct_mail,churn_risico,leadgen,2750,7,42762,2782,158,78813.63
C0681,M13,10,direct_mail,bestaande_klanten,leadgen,3376,14,36465,1028,35,17995.09
C0682,M13,17,content_seo,koude_prospects,conversie,4536,30,63832,2578,67,9660.52
C0683,M13,17,content_seo,bestaande_klanten,leadgen,5833,30,95128,2750,104,29971.04
C0684,M13,15,direct_mail,churn_risico,merkbekendheid,4476,14,36823,1566,97,53091.8
C0685,M13,20,event,churn_risico,retentie,5578,14,56350,1663,73,38640.51
C0686,M13,4,social_betaald,churn_risico,retentie,2558,7,50581,1036,26,8828.85
C0687,M13,14,social_organisch,warme_leads,merkbekendheid,4932,14,99520,3676,172,85897.08
C0688,M13,22,social_betaald,koude_prospects,conversie,4776,30,78233,2089,41,11644.88
C0689,M13,5,zoekmachine_adv,churn_risico,leadgen,5633,7,104500,5628,301,27919.67
C0690,M13,16,zoekmachine_adv,koude_prospects,leadgen,3783,7,36348,1301,75,16893.0
C0691,M13,16,zoekmachine_adv,warme_leads,conversie,5415,21,95044,3741,153,61432.16
C0692,M13,2,content_seo,bestaande_klanten,conversie,5947,7,81028,3172,173,69950.54
C0693,M13,20,direct_mail,bestaande_klanten,retentie,3524,30,40606,1281,28,4973.67
C0694,M13,8,event,warme_leads,conversie,2966,30,49496,1466,112,70339.9
C0695,M14,19,email,koude_prospects,conversie,2555,14,40617,2074,73,9921.64
C0696,M14,21,content_seo,warme_leads,conversie,1911,7,36079,1431,39,5038.83
C0697,M14,21,event,koude_prospects,conversie,929,14,8627,294,13,1462.08
C0698,M14,22,zoekmachine_adv,bestaande_klanten,retentie,5491,30,46938,1945,17,8922.88
C0699,M14,24,email,churn_risico,retentie,5265,30,69228,2465,10,3483.62
C0700,M14,20,direct_mail,churn_risico,conversie,1021,30,20222,861,41,7203.16
C0701,M14,17,social_betaald,koude_prospects,leadgen,1266,21,22824,970,45,3881.13
C0702,M14,19,content_seo,bestaande_klanten,retentie,1895,30,30168,1534,71,38115.99
C0703,M14,6,zoekmachine_adv,koude_prospects,retentie,5917,21,56301,1813,90,40200.44
C0704,M14,23,direct_mail,bestaande_klanten,retentie,2915,30,36688,951,30,15586.29
C0705,M14,16,content_seo,koude_prospects,retentie,889,21,13819,264,1,428.15
C0706,M14,13,social_betaald,warme_leads,leadgen,2678,7,44601,2054,133,42884.52
C0707,M14,14,zoekmachine_adv,koude_prospects,merkbekendheid,4563,7,71328,3533,161,64743.6
C0708,M14,11,zoekmachine_adv,warme_leads,retentie,778,14,10108,201,11,3374.47
C0709,M14,20,social_betaald,churn_risico,leadgen,1876,30,34475,2059,149,63764.08
C0710,M14,5,email,churn_risico,merkbekendheid,5840,14,50601,1730,108,16863.33
C0711,M14,9,email,warme_leads,merkbekendheid,3845,30,50219,1911,45,12723.22
C0712,M14,7,zoekmachine_adv,churn_risico,leadgen,5883,7,95577,2716,64,23854.49
C0713,M14,11,zoekmachine_adv,warme_leads,conversie,4763,30,51337,802,13,5409.44
C0714,M14,21,social_organisch,bestaande_klanten,conversie,2464,30,49228,1029,6,2434.49
C0715,M14,22,direct_mail,warme_leads,leadgen,4336,7,53226,2361,145,65668.57
C0716,M14,17,event,warme_leads,leadgen,4994,14,59132,1635,76,17914.17
C0717,M14,10,event,koude_prospects,merkbekendheid,3273,7,32812,1339,36,6542.9
C0718,M14,9,zoekmachine_adv,bestaande_klanten,leadgen,2459,14,34550,1465,50,22278.81
C0719,M14,11,social_organisch,churn_risico,retentie,5141,21,112798,4312,340,36221.97
C0720,M14,24,social_organisch,koude_prospects,retentie,3021,30,36904,1188,46,5346.0
C0721,M14,14,social_organisch,churn_risico,merkbekendheid,2954,30,36583,1359,75,37399.82
C0722,M14,10,social_organisch,warme_leads,conversie,4955,14,75743,2537,204,82973.11
C0723,M14,7,social_betaald,warme_leads,merkbekendheid,4567,14,45999,1124,20,6497.92
C0724,M14,23,event,koude_prospects,merkbekendheid,5529,7,86264,2288,39,13638.03
C0725,M14,23,social_betaald,warme_leads,retentie,4648,30,108229,4174,180,43481.6
C0726,M14,22,social_betaald,bestaande_klanten,retentie,802,7,15895,810,36,18665.64
C0727,M14,23,zoekmachine_adv,bestaande_klanten,merkbekendheid,4525,30,86645,3606,202,60227.58
C0728,M14,23,email,warme_leads,conversie,2751,14,52685,2534,145,27210.21
C0729,M14,16,social_betaald,warme_leads,retentie,2053,7,23684,610,17,2286.68
C0730,M14,1,social_organisch,warme_leads,conversie,5558,7,99836,3461,165,35216.42
C0731,M14,4,content_seo,koude_prospects,merkbekendheid,1208,21,22683,308,14,5278.41
C0732,M14,5,event,churn_risico,conversie,3349,7,50512,2485,101,65315.43
C0733,M14,1,event,churn_risico,conversie,5915,30,106559,7156,435,45972.75
C0734,M14,6,content_seo,warme_leads,conversie,2171,7,26966,1205,95,28622.94
C0735,M14,11,social_betaald,churn_risico,leadgen,1457,14,17586,760,50,25112.55
C0736,M14,5,content_seo,churn_risico,retentie,929,30,16871,723,27,11436.29
C0737,M14,3,social_betaald,bestaande_klanten,conversie,2898,21,58532,2242,56,18801.48
C0738,M15,12,zoekmachine_adv,bestaande_klanten,retentie,5828,30,108991,5465,181,78020.61
C0739,M15,10,direct_mail,koude_prospects,merkbekendheid,1849,14,23632,941,30,11826.31
C0740,M15,22,email,koude_prospects,conversie,2274,14,30667,916,0,0.0
C0741,M15,12,social_organisch,koude_prospects,conversie,3337,7,40729,119,2,1379.72
C0742,M15,2,social_organisch,churn_risico,conversie,5670,30,96440,2159,62,13038.21
C0743,M15,13,content_seo,churn_risico,retentie,2484,14,47221,965,20,10488.36
C0744,M15,10,event,warme_leads,merkbekendheid,1857,14,23138,832,57,28006.43
C0745,M15,13,direct_mail,koude_prospects,retentie,2258,7,35288,1557,30,13815.95
C0746,M15,5,social_betaald,koude_prospects,conversie,5189,21,50516,1272,2,853.66
C0747,M15,10,social_organisch,koude_prospects,retentie,1470,14,20822,854,24,6839.15
C0748,M15,20,zoekmachine_adv,warme_leads,conversie,829,21,13064,329,16,6100.41
C0749,M15,19,event,bestaande_klanten,conversie,3708,7,64016,2951,145,112792.96
C0750,M15,3,event,churn_risico,conversie,1944,21,16143,361,10,3825.82
C0751,M15,8,zoekmachine_adv,koude_prospects,conversie,5162,14,79812,2030,31,13006.97
C0752,M15,18,direct_mail,bestaande_klanten,merkbekendheid,5286,7,78823,2015,107,34325.37
C0753,M15,6,social_betaald,koude_prospects,conversie,1076,30,18449,661,18,2628.48
C0754,M15,1,content_seo,churn_risico,leadgen,2408,7,46500,765,31,16719.46
C0755,M15,3,content_seo,warme_leads,leadgen,4860,7,81545,1182,34,19088.34
C0756,M15,22,content_seo,churn_risico,leadgen,4079,30,67294,1540,51,12997.02
C0757,M15,8,event,warme_leads,leadgen,1267,30,19719,648,50,21961.66
C0758,M15,11,social_betaald,churn_risico,merkbekendheid,2878,14,68692,1922,94,15709.63
C0759,M15,6,social_organisch,churn_risico,retentie,841,21,8585,347,14,7996.98
C0760,M15,23,direct_mail,warme_leads,leadgen,3223,21,29199,692,42,20550.24
C0761,M15,11,event,warme_leads,leadgen,1306,7,14866,631,27,14144.4
C0762,M15,23,social_organisch,warme_leads,leadgen,2476,7,44396,1485,14,3970.7
C0763,M15,16,direct_mail,koude_prospects,leadgen,2091,21,23296,955,17,2954.9
C0764,M15,3,social_organisch,koude_prospects,conversie,840,14,13120,313,7,2811.52
C0765,M15,1,social_betaald,koude_prospects,retentie,3892,14,53453,1668,0,0.0
C0766,M15,10,direct_mail,warme_leads,retentie,5389,30,53786,1827,128,35387.16
C0767,M15,7,social_betaald,warme_leads,merkbekendheid,4659,7,61741,910,17,4451.69
C0768,M15,8,social_organisch,churn_risico,retentie,3722,14,43042,2382,87,51093.09
C0769,M15,21,social_betaald,churn_risico,merkbekendheid,1054,30,15390,611,15,5763.85
C0770,M15,9,email,warme_leads,retentie,4158,21,40047,1525,81,7112.71
C0771,M15,20,direct_mail,churn_risico,leadgen,2438,30,34537,899,34,12356.6
C0772,M15,6,content_seo,koude_prospects,merkbekendheid,5450,21,86151,3021,121,60406.88
C0773,M15,16,zoekmachine_adv,bestaande_klanten,conversie,4888,14,77842,3231,133,67631.68
C0774,M15,8,direct_mail,warme_leads,merkbekendheid,1201,14,14047,445,16,5937.06
C0775,M15,1,event,bestaande_klanten,conversie,5123,7,65591,2021,99,75906.28
C0776,M15,16,direct_mail,koude_prospects,conversie,1568,7,24589,597,31,20504.23
C0777,M15,12,email,koude_prospects,merkbekendheid,5786,21,107975,2641,42,20626.94
C0778,M15,12,direct_mail,koude_prospects,leadgen,1260,21,21530,727,21,12130.82
C0779,M15,19,event,bestaande_klanten,merkbekendheid,1415,14,13674,417,17,9198.94
C0780,M15,14,social_organisch,koude_prospects,retentie,5472,30,111316,2634,48,4773.25
C0781,M15,8,email,koude_prospects,leadgen,4565,21,70391,139,1,342.62
C0782,M15,20,direct_mail,koude_prospects,merkbekendheid,2618,21,26655,1501,51,22914.33
C0783,M15,14,social_organisch,warme_leads,leadgen,4001,21,86364,2864,88,8111.13
C0784,M15,4,zoekmachine_adv,warme_leads,merkbekendheid,2452,21,36438,312,23,4081.79
C0785,M15,3,email,churn_risico,merkbekendheid,1551,14,30070,1261,78,25809.57
C0786,M15,23,content_seo,churn_risico,conversie,3732,21,50666,1804,3,976.54
C0787,M15,10,email,warme_leads,conversie,4117,7,68902,1958,74,22794.26
C0788,M15,19,direct_mail,bestaande_klanten,retentie,3533,7,69786,2760,127,61688.34
C0789,M15,2,zoekmachine_adv,churn_risico,merkbekendheid,1368,7,16210,843,59,34387.09
C0790,M15,12,social_betaald,koude_prospects,retentie,1995,30,37695,496,0,0.0
C0791,M15,17,email,koude_prospects,leadgen,2436,30,40383,898,23,5715.5
C0792,M15,24,content_seo,warme_leads,conversie,1229,14,22477,679,10,1193.34
C0793,M15,22,social_organisch,churn_risico,merkbekendheid,4208,14,88203,4309,43,23625.07
C0794,M15,21,email,koude_prospects,merkbekendheid,1879,21,24273,219,1,142.28
C0795,M15,2,event,churn_risico,retentie,1412,14,14890,252,7,2962.95
C0796,M15,4,content_seo,warme_leads,merkbekendheid,5355,21,54751,2154,44,21943.34
C0797,M15,19,event,koude_prospects,retentie,3955,14,66865,2181,77,41489.07
C0798,M15,18,email,warme_leads,conversie,3705,30,46338,1085,56,15012.02
C0799,M15,14,social_betaald,churn_risico,leadgen,3658,14,80136,1905,91,9425.7
C0800,M15,10,direct_mail,churn_risico,merkbekendheid,4456,30,72491,2304,76,43351.41
