bedrijf_id,week,inkomsten,uitgaven,netto_cashflow,kaspositie
B01,1,8202.48,6011.06,2191.43,43366.96
B01,2,6197.64,5416.53,781.11,44148.07
B01,3,1388.49,5758.69,-4370.2,39777.87
B01,4,5948.88,5989.41,-40.53,39737.34
B01,5,5955.26,5813.3,141.95,39879.3
B01,6,6877.82,5965.52,912.3,40791.59
B01,7,7108.25,5816.82,1291.43,42083.03
B01,8,7689.48,5575.37,2114.11,44197.14
B01,9,1339.84,5574.04,-4234.2,39962.94
B01,10,7949.57,5842.07,2107.5,42070.43
B01,11,8256.72,5466.98,2789.73,44860.16
B01,12,8271.39,5567.0,2704.39,47564.56
B01,13,26944.08,5732.17,21211.91,68776.47
B01,14,7102.6,5504.15,1598.45,70374.92
B01,15,7377.86,5982.33,1395.53,71770.44
B01,16,4724.84,5854.02,-1129.18,70641.27
B01,17,6008.77,5668.64,340.14,70981.4
B01,18,5351.62,5850.55,-498.94,70482.46
B01,19,4435.78,6047.05,-1611.26,68871.2
B01,20,5931.81,5444.16,487.64,69358.84
B01,21,4946.85,5887.62,-940.77,68418.07
B01,22,3770.91,7471.46,-3700.55,64717.53
B01,23,4730.23,7460.44,-2730.21,61987.31
B01,24,3884.42,5932.52,-2048.09,59939.22
B01,25,3831.85,5937.79,-2105.95,57833.27
B01,26,3239.86,5711.15,-2471.28,55361.99
B01,27,3276.65,5827.89,-2551.24,52810.75
B01,28,3622.04,9961.06,-6339.02,46471.72
B01,29,3157.62,6073.78,-2916.15,43555.57
B01,30,1960.02,5498.45,-3538.43,40017.14
B01,31,29635.67,6200.86,23434.8,63451.94
B01,32,4685.28,6065.74,-1380.46,62071.48
B01,33,4800.78,5850.27,-1049.49,61021.99
B01,34,4890.78,5837.19,-946.41,60075.58
B01,35,3562.98,6167.4,-2604.41,57471.16
B01,36,4554.47,6007.6,-1453.14,56018.02
B01,37,5099.08,5594.06,-494.98,55523.05
B01,38,4107.61,5647.25,-1539.64,53983.4
B01,39,6244.55,6165.31,79.24,54062.65
B01,40,6585.23,6188.31,396.93,54459.57
B01,41,6570.31,5502.37,1067.93,55527.51
B01,42,4886.76,5708.85,-822.1,54705.41
B01,43,1977.66,5701.2,-3723.54,50981.87
B01,44,6227.76,5323.84,903.92,51885.79
B01,45,7711.1,6173.43,1537.67,53423.46
B01,46,6059.18,5969.68,89.5,53512.96
B01,47,31941.05,6124.61,25816.44,79329.4
B01,48,7175.26,5682.43,1492.83,80822.23
B01,49,9372.2,5315.15,4057.05,84879.28
B01,50,9532.66,6226.14,3306.52,88185.8
B01,51,8431.44,5368.41,3063.03,91248.83
B01,52,8021.42,6148.36,1873.06,93121.89
B01,53,7965.63,5617.98,2347.65,95469.55
B01,54,6088.69,5529.75,558.94,96028.48
B01,55,61302.34,5493.37,55808.97,151837.45
B01,56,7907.97,5887.13,2020.84,153858.29
B01,57,8426.57,5560.78,2865.79,156724.08
B01,58,9549.8,5549.02,4000.77,160724.86
B01,59,6724.2,6216.92,507.27,161232.13
B01,60,10446.18,5932.85,4513.34,165745.47
B01,61,6845.84,5672.21,1173.63,166919.1
B01,62,8026.03,5818.87,2207.16,169126.26
B01,63,8789.63,5959.24,2830.38,171956.65
B01,64,6504.37,5408.82,1095.55,173052.2
B01,65,5826.12,5453.51,372.6,173424.8
B01,66,7698.31,6025.74,1672.56,175097.36
B01,67,8384.73,6126.71,2258.02,177355.38
B01,68,6507.65,5504.71,1002.94,178358.32
B01,69,6855.87,10921.36,-4065.5,174292.83
B01,70,4612.66,5660.45,-1047.79,173245.03
B01,71,7142.72,6086.1,1056.62,174301.66
B01,72,5074.88,5791.66,-716.78,173584.87
B01,73,4598.99,5733.64,-1134.64,172450.23
B01,74,4786.74,7284.48,-2497.74,169952.49
B01,75,5655.52,7440.38,-1784.86,168167.63
B01,76,4254.0,5638.2,-1384.19,166783.43
B01,77,4077.42,5693.79,-1616.38,165167.06
B01,78,4319.22,5935.42,-1616.2,163550.86
B01,79,5305.02,6134.49,-829.47,162721.39
B01,80,4058.27,5633.84,-1575.56,161145.83
B01,81,3844.18,5913.51,-2069.33,159076.5
B01,82,4687.84,5446.59,-758.75,158317.75
B01,83,3990.47,5725.99,-1735.52,156582.23
B01,84,938.78,5598.83,-4660.05,151922.18
B01,85,5176.23,6125.2,-948.96,150973.22
B01,86,3933.61,5962.33,-2028.72,148944.49
B01,87,4087.47,5691.58,-1604.11,147340.38
B01,88,5558.76,5322.99,235.77,147576.15
B01,89,5499.36,6008.34,-508.98,147067.18
B01,90,5541.2,5309.76,231.43,147298.61
B01,91,6220.11,5592.8,627.31,147925.92
B01,92,5654.5,5719.43,-64.93,147860.99
B01,93,5926.53,5433.27,493.26,148354.25
B01,94,4878.32,5633.17,-754.85,147599.4
B01,95,8077.56,17691.22,-9613.66,137985.74
B01,96,7138.62,5400.08,1738.54,139724.28
B01,97,5822.41,5371.08,451.33,140175.62
B01,98,5642.29,6081.86,-439.56,139736.06
B01,99,9131.85,5974.73,3157.11,142893.17
B01,100,6703.67,5755.83,947.85,143841.02
B01,101,3721.22,5897.34,-2176.12,141664.9
B01,102,9247.95,5951.01,3296.94,144961.83
B01,103,10317.91,5444.28,4873.63,149835.46
B01,104,7530.7,6048.82,1481.88,151317.33
B01,105,10810.95,5413.21,5397.74,156715.08
B01,106,34025.09,5971.03,28054.06,184769.14
B01,107,11216.57,5390.57,5826.0,190595.14
B01,108,7481.03,5802.87,1678.16,192273.3
B01,109,8860.73,5421.39,3439.34,195712.64
B01,110,4335.5,5986.04,-1650.54,194062.09
B01,111,11350.26,5417.31,5932.96,199995.05
B01,112,8938.95,6158.12,2780.83,202775.88
B01,113,40067.15,5909.71,34157.44,236933.32
B01,114,8848.63,5772.24,3076.39,240009.71
B01,115,10271.14,5531.99,4739.15,244748.86
B01,116,9920.96,5866.52,4054.44,248803.3
B01,117,9165.59,5427.34,3738.24,252541.54
B01,118,9072.38,5316.93,3755.46,256297.0
B01,119,6635.67,5964.41,671.26,256968.26
B01,120,7914.33,5550.66,2363.67,259331.92
B01,121,5895.34,5631.34,263.99,259595.92
B01,122,8143.94,6033.81,2110.13,261706.05
B01,123,6609.59,5504.01,1105.58,262811.63
B01,124,6627.7,5621.96,1005.74,263817.37
B01,125,6605.55,5546.09,1059.45,264876.82
B01,126,5430.28,7634.2,-2203.91,262672.91
B01,127,4150.8,7596.94,-3446.13,259226.78
B01,128,6343.72,5311.22,1032.5,260259.28
B01,129,4718.64,5958.05,-1239.41,259019.88
B01,130,3665.86,5772.66,-2106.79,256913.08
B02,1,1836.65,1677.78,158.87,10557.33
B02,2,2296.63,1878.47,418.15,10975.49
B02,3,2140.74,1808.47,332.26,11307.75
B02,4,2511.1,1805.12,705.98,12013.73
B02,5,1906.04,1869.8,36.24,12049.97
B02,6,1999.46,1801.68,197.77,12247.74
B02,7,1717.17,1772.14,-54.97,12192.77
B02,8,2483.06,5226.74,-2743.68,9449.09
B02,9,1701.25,1744.29,-43.04,9406.05
B02,10,2117.21,1781.69,335.53,9741.57
B02,11,12230.13,1867.14,10362.98,20104.56
B02,12,2382.69,1864.53,518.16,20622.72
B02,13,1492.21,1702.0,-209.79,20412.93
B02,14,2175.51,1654.54,520.98,20933.9
B02,15,1997.65,1892.3,105.35,21039.25
B02,16,1903.42,1871.72,31.7,21070.95
B02,17,1476.31,1741.33,-265.02,20805.93
B02,18,1430.07,1779.5,-349.43,20456.5
B02,19,468.71,1778.56,-1309.84,19146.66
B02,20,1411.52,3558.6,-2147.08,16999.58
B02,21,1616.98,1892.33,-275.34,16724.23
B02,22,1327.17,2367.76,-1040.58,15683.65
B02,23,1280.65,2406.41,-1125.75,14557.9
B02,24,1490.65,1839.65,-349.0,14208.9
B02,25,1624.27,1669.06,-44.79,14164.1
B02,26,1132.64,1735.98,-603.34,13560.77
B02,27,1231.97,3159.43,-1927.46,11633.31
B02,28,1151.15,1704.65,-553.5,11079.81
B02,29,1172.05,4772.31,-3600.26,7479.55
B02,30,1070.09,1739.07,-668.97,6810.57
B02,31,1362.19,1835.99,-473.8,6336.78
B02,32,1289.16,1715.51,-426.35,5910.42
B02,33,1524.04,1780.6,-256.56,5653.87
B02,34,1017.52,1658.25,-640.73,5013.14
B02,35,1402.86,1850.18,-447.32,4565.82
B02,36,1567.89,1679.27,-111.39,4454.43
B02,37,1175.01,2573.08,-1398.07,3056.36
B02,38,1451.51,1722.13,-270.62,2785.74
B02,39,1761.9,1866.35,-104.45,2681.29
B02,40,1495.38,1923.75,-428.36,2252.93
B02,41,1904.03,1865.12,38.91,2291.84
B02,42,730.72,1752.29,-1021.58,1270.26
B02,43,1902.88,1925.78,-22.9,1247.36
B02,44,2043.77,1769.98,273.79,1521.15
B02,45,1923.4,1859.24,64.16,1585.31
B02,46,14157.07,1877.73,12279.34,13864.65
B02,47,2215.2,1913.18,302.02,14166.67
B02,48,2245.0,1644.26,600.74,14767.42
B02,49,1592.96,1858.08,-265.12,14502.3
B02,50,2088.59,1834.74,253.85,14756.14
B02,51,2206.36,1676.65,529.7,15285.84
B02,52,2603.08,1865.05,738.03,16023.87
B02,53,2371.12,1642.92,728.21,16752.08
B02,54,2758.16,1700.37,1057.79,17809.87
B02,55,1832.26,1887.74,-55.47,17754.4
B02,56,2185.44,1883.37,302.07,18056.47
B02,57,2309.99,1899.63,410.36,18466.82
B02,58,1902.29,1854.95,47.34,18514.16
B02,59,1882.29,6604.76,-4722.46,13791.69
B02,60,2059.74,1817.32,242.42,14034.11
B02,61,2327.27,1853.48,473.79,14507.9
B02,62,1940.65,1660.71,279.93,14787.84
B02,63,2360.05,1765.82,594.23,15382.07
B02,64,2468.19,1840.8,627.39,16009.46
B02,65,1841.37,3235.46,-1394.09,14615.36
B02,66,1687.71,1750.84,-63.13,14552.24
B02,67,13706.9,1665.72,12041.18,26593.42
B02,68,1974.74,1732.78,241.95,26835.37
B02,69,2207.03,1706.86,500.17,27335.54
B02,70,1401.36,1877.84,-476.48,26859.06
B02,71,1605.38,1717.03,-111.65,26747.41
B02,72,1360.44,1678.0,-317.56,26429.85
B02,73,1189.54,1772.58,-583.04,25846.82
B02,74,1400.32,2534.31,-1133.99,24712.83
B02,75,1347.21,2545.45,-1198.24,23514.58
B02,76,1574.37,1883.62,-309.25,23205.33
B02,77,1174.18,1806.72,-632.54,22572.79
B02,78,1193.67,1727.28,-533.61,22039.18
B02,79,1435.28,4745.76,-3310.48,18728.7
B02,80,1388.67,1714.23,-325.56,18403.14
B02,81,1080.3,1675.72,-595.42,17807.72
B02,82,1565.79,1698.83,-133.05,17674.68
B02,83,1203.82,1856.34,-652.52,17022.16
B02,84,1596.69,1872.59,-275.9,16746.25
B02,85,1311.12,1660.03,-348.91,16397.34
B02,86,751.08,1741.66,-990.59,15406.75
B02,87,1279.99,1672.15,-392.16,15014.59
B02,88,1258.64,1863.15,-604.51,14410.08
B02,89,1534.61,1651.07,-116.46,14293.62
B02,90,1291.78,1676.52,-384.74,13908.88
B02,91,2064.41,1652.68,411.73,14320.61
B02,92,1628.21,1793.1,-164.89,14155.71
B02,93,11866.09,1825.22,10040.87,24196.58
B02,94,12101.14,1693.33,10407.81,34604.39
B02,95,2081.08,1858.3,222.79,34827.18
B02,96,1572.68,1647.3,-74.61,34752.57
B02,97,1953.68,1658.05,295.63,35048.2
B02,98,2546.02,1641.94,904.07,35952.27
B02,99,2367.92,1840.78,527.14,36479.42
B02,100,2072.56,1738.09,334.46,36813.88
B02,101,2394.19,1882.42,511.77,37325.65
B02,102,2226.01,1774.85,451.16,37776.81
B02,103,2674.18,1914.48,759.7,38536.51
B02,104,2515.87,1684.33,831.54,39368.05
B02,105,2678.8,1682.32,996.48,40364.54
B02,106,2189.68,1800.55,389.13,40753.67
B02,107,2071.01,1741.32,329.69,41083.37
B02,108,2555.45,1868.42,687.03,41770.39
B02,109,1882.73,1901.4,-18.67,41751.73
B02,110,2244.24,4030.6,-1786.36,39965.36
B02,111,2645.09,1733.5,911.59,40876.95
B02,112,1997.66,4273.75,-2276.09,38600.86
B02,113,2414.53,1737.16,677.37,39278.23
B02,114,2506.83,1733.34,773.49,40051.72
B02,115,817.26,1793.16,-975.9,39075.82
B02,116,2609.6,1833.28,776.32,39852.14
B02,117,2628.37,1641.98,986.39,40838.53
B02,118,2258.61,1790.39,468.22,41306.75
B02,119,2199.45,1799.1,400.35,41707.1
B02,120,1507.48,1703.36,-195.88,41511.23
B02,121,1515.74,1864.76,-349.03,41162.2
B02,122,1379.36,1792.89,-413.52,40748.68
B02,123,1963.25,1888.6,74.65,40823.32
B02,124,1708.04,1663.02,45.01,40868.34
B02,125,10954.53,1758.63,9195.9,50064.24
B02,126,1485.98,2546.62,-1060.64,49003.6
B02,127,1455.32,2378.2,-922.88,48080.72
B02,128,10868.03,1726.22,9141.82,57222.54
B02,129,1645.26,1641.35,3.91,57226.45
B02,130,1145.94,1693.95,-548.01,56678.44
B03,1,2216.73,1456.21,760.52,11215.59
B03,2,2178.89,1415.66,763.23,11978.82
B03,3,2200.2,1504.89,695.32,12674.14
B03,4,1620.85,1479.63,141.22,12815.35
B03,5,1896.41,1384.3,512.11,13327.46
B03,6,2513.8,1501.39,1012.41,14339.87
B03,7,1903.35,1385.65,517.7,14857.57
B03,8,1886.59,1402.16,484.43,15342.0
B03,9,2423.88,1412.74,1011.14,16353.14
B03,10,1937.14,1326.36,610.78,16963.92
B03,11,2168.08,1488.78,679.29,17643.22
B03,12,2327.92,1356.02,971.9,18615.11
B03,13,1787.39,1431.27,356.12,18971.24
B03,14,2404.57,1541.89,862.69,19833.92
B03,15,1709.41,1385.98,323.43,20157.36
B03,16,2292.63,1495.76,796.87,20954.23
B03,17,1847.25,1413.98,433.27,21387.5
B03,18,480.67,1496.67,-1015.99,20371.5
B03,19,12682.12,1470.58,11211.54,31583.05
B03,20,2176.44,1368.48,807.95,32391.0
B03,21,2192.85,1510.77,682.08,33073.08
B03,22,2051.05,1930.75,120.31,33193.39
B03,23,1639.14,2083.98,-444.84,32748.55
B03,24,1894.32,1376.22,518.1,33266.65
B03,25,361.91,1511.98,-1150.08,32116.58
B03,26,1762.62,1412.96,349.66,32466.23
B03,27,2325.49,1464.81,860.68,33326.92
B03,28,2296.25,1424.34,871.91,34198.83
B03,29,2107.62,1403.94,703.68,34902.5
B03,30,1855.2,1428.32,426.88,35329.38
B03,31,2007.6,1398.01,609.58,35938.96
B03,32,2001.11,1458.07,543.05,36482.01
B03,33,1561.24,1422.27,138.97,36620.98
B03,34,1839.5,1450.22,389.28,37010.26
B03,35,1279.67,1477.47,-197.8,36812.46
B03,36,1728.3,1462.0,266.3,37078.76
B03,37,1608.96,1505.93,103.03,37181.79
B03,38,1480.99,1453.08,27.91,37209.7
B03,39,1765.67,1503.3,262.36,37472.06
B03,40,2078.91,1439.58,639.33,38111.39
B03,41,1396.69,4920.89,-3524.2,34587.19
B03,42,1524.8,1477.8,46.99,34634.18
B03,43,1907.33,1473.43,433.9,35068.08
B03,44,1472.29,1473.3,-1.01,35067.07
B03,45,1684.46,1466.8,217.66,35284.73
B03,46,1702.65,1360.46,342.18,35626.91
B03,47,1545.08,1463.34,81.75,35708.66
B03,48,1463.87,1342.87,120.99,35829.65
B03,49,2048.48,1420.65,627.83,36457.48
B03,50,2096.2,1475.67,620.52,37078.0
B03,51,1533.26,1443.86,89.4,37167.4
B03,52,1955.87,1532.06,423.82,37591.22
B03,53,9902.31,1337.25,8565.06,46156.28
B03,54,1631.42,1486.72,144.71,46300.99
B03,55,1684.66,1396.95,287.71,46588.7
B03,56,2125.87,1407.87,718.0,47306.7
B03,57,2545.46,1526.65,1018.82,48325.52
B03,58,7034.77,1425.13,5609.64,53935.16
B03,59,2422.85,1457.84,965.01,54900.17
B03,60,1889.0,2901.71,-1012.71,53887.46
B03,61,1777.8,1383.33,394.47,54281.94
B03,62,2825.96,1541.39,1284.58,55566.51
B03,63,1839.14,1539.51,299.62,55866.14
B03,64,2775.19,1343.13,1432.06,57298.2
B03,65,1961.57,1445.08,516.49,57814.69
B03,66,2325.89,1428.44,897.45,58712.14
B03,67,2109.97,1323.71,786.26,59498.4
B03,68,2099.31,1470.51,628.8,60127.2
B03,69,2149.0,1501.15,647.85,60775.05
B03,70,2432.31,1527.04,905.27,61680.33
B03,71,2875.42,1488.92,1386.51,63066.83
B03,72,2322.59,1520.39,802.2,63869.03
B03,73,2586.74,1413.24,1173.5,65042.54
B03,74,2250.77,1929.85,320.92,65363.46
B03,75,2299.14,5493.22,-3194.08,62169.37
B03,76,2067.19,1399.38,667.81,62837.18
B03,77,1932.5,1402.29,530.21,63367.39
B03,78,568.26,1381.95,-813.69,62553.69
B03,79,2310.68,1342.28,968.41,63522.1
B03,80,2054.76,1381.95,672.81,64194.91
B03,81,1794.16,1380.99,413.17,64608.08
B03,82,2216.61,1458.02,758.59,65366.67
B03,83,1608.43,1454.71,153.72,65520.38
B03,84,1473.51,1421.44,52.07,65572.45
B03,85,1407.0,1426.67,-19.66,65552.79
B03,86,1921.02,1466.05,454.97,66007.76
B03,87,1548.25,1484.28,63.97,66071.72
B03,88,1998.3,1321.26,677.03,66748.76
B03,89,2044.17,1342.03,702.14,67450.9
B03,90,1763.28,1544.47,218.81,67669.7
B03,91,1899.92,1365.54,534.38,68204.08
B03,92,2025.65,1468.6,557.06,68761.14
B03,93,2167.76,1388.36,779.4,69540.54
B03,94,1743.14,1457.29,285.85,69826.39
B03,95,1599.99,1428.89,171.1,69997.49
B03,96,1385.09,1348.49,36.6,70034.09
B03,97,1736.74,1533.61,203.13,70237.22
B03,98,334.4,4428.56,-4094.16,66143.06
B03,99,1610.06,1536.26,73.8,66216.86
B03,100,843.19,1376.39,-533.2,65683.66
B03,101,2202.31,1348.28,854.04,66537.69
B03,102,2327.3,1338.12,989.18,67526.87
B03,103,1809.35,1542.28,267.07,67793.94
B03,104,2277.97,1512.07,765.9,68559.84
B03,105,2542.13,1500.78,1041.36,69601.19
B03,106,2626.76,1321.15,1305.61,70906.8
B03,107,1614.02,1523.91,90.11,70996.91
B03,108,1836.01,1416.44,419.57,71416.48
B03,109,1971.24,1389.22,582.02,71998.5
B03,110,2204.13,6856.77,-4652.64,67345.86
B03,111,2710.27,1507.9,1202.37,68548.24
B03,112,2727.86,1401.5,1326.35,69874.59
B03,113,2859.87,1356.75,1503.12,71377.71
B03,114,2175.0,1543.71,631.29,72009.0
B03,115,2405.72,1531.49,874.23,72883.23
B03,116,2445.4,1492.3,953.11,73836.34
B03,117,2932.54,1522.44,1410.1,75246.44
B03,118,2721.76,1480.18,1241.58,76488.02
B03,119,2908.23,1347.98,1560.25,78048.27
B03,120,2405.5,1386.9,1018.6,79066.87
B03,121,2305.98,5764.31,-3458.34,75608.53
B03,122,1858.48,1533.8,324.67,75933.21
B03,123,2025.89,1483.62,542.27,76475.48
B03,124,2058.21,1436.57,621.63,77097.11
B03,125,2504.89,1356.01,1148.89,78246.0
B03,126,2397.68,2112.7,284.99,78530.99
B03,127,2058.37,2094.73,-36.36,78494.62
B03,128,2763.83,1527.46,1236.37,79731.0
B03,129,2096.05,1416.21,679.83,80410.83
B03,130,2139.06,1486.09,652.97,81063.8
B04,1,7476.03,53971.7,-46495.67,44016.75
B04,2,50497.91,19476.75,31021.15,75037.9
B04,3,103699.24,18727.29,84971.95,160009.85
B04,4,3743.6,52440.32,-48696.71,111313.14
B04,5,143768.82,17238.51,126530.31,237843.45
B04,6,151781.26,17233.9,134547.36,372390.81
B04,7,11437.31,19365.97,-7928.66,364462.14
B04,8,8620.67,18322.87,-9702.2,354759.94
B04,9,11221.93,18793.52,-7571.58,347188.36
B04,10,3474.9,17450.02,-13975.12,333213.24
B04,11,125114.1,19028.99,106085.1,439298.34
B04,12,8746.19,18424.34,-9678.14,429620.2
B04,13,10228.95,18022.66,-7793.71,421826.49
B04,14,13147.88,16891.06,-3743.17,418083.31
B04,15,157274.0,19181.65,138092.35,556175.66
B04,16,9139.07,17717.81,-8578.75,547596.91
B04,17,12058.69,18802.25,-6743.57,540853.35
B04,18,8909.51,17261.71,-8352.2,532501.15
B04,19,11407.93,19508.98,-8101.04,524400.1
B04,20,10953.59,16860.19,-5906.6,518493.5
B04,21,67970.43,19497.36,48473.07,566966.57
B04,22,11107.08,26351.92,-15244.83,551721.74
B04,23,11083.05,58451.18,-47368.13,504353.61
B04,24,9973.78,18170.33,-8196.55,496157.06
B04,25,7817.43,17466.29,-9648.85,486508.2
B04,26,10471.73,19320.03,-8848.3,477659.9
B04,27,9884.84,52146.48,-42261.64,435398.26
B04,28,6650.47,18329.12,-11678.64,423719.62
B04,29,103943.67,19177.89,84765.78,508485.4
B04,30,2172.92,18610.0,-16437.08,492048.32
B04,31,69467.71,18160.43,51307.28,543355.6
B04,32,7742.16,17160.5,-9418.35,533937.25
B04,33,7396.26,18708.16,-11311.9,522625.35
B04,34,85368.19,18308.42,67059.77,589685.12
B04,35,4677.42,18160.59,-13483.17,576201.95
B04,36,5761.95,17350.54,-11588.59,564613.35
B04,37,7375.6,17084.51,-9708.91,554904.44
B04,38,6624.04,19152.48,-12528.44,542376.0
B04,39,6012.93,19482.95,-13470.03,528905.97
B04,40,5692.31,17183.2,-11490.89,517415.08
B04,41,5098.0,18580.12,-13482.12,503932.95
B04,42,4967.36,17434.53,-12467.17,491465.78
B04,43,79646.87,17954.63,61692.25,553158.03
B04,44,4547.06,19506.12,-14959.06,538198.97
B04,45,2488.14,17519.49,-15031.34,523167.62
B04,46,5153.57,19278.42,-14124.86,509042.76
B04,47,79758.2,18641.73,61116.47,570159.24
B04,48,6918.16,19532.87,-12614.71,557544.52
B04,49,9235.68,18682.2,-9446.52,548098.0
B04,50,7522.17,16991.06,-9468.89,538629.11
B04,51,9210.14,17830.56,-8620.41,530008.7
B04,52,7930.39,18202.07,-10271.69,519737.02
B04,53,9924.06,17153.65,-7229.6,512507.42
B04,54,95064.54,17478.49,77586.04,590093.46
B04,55,9809.32,17320.53,-7511.21,582582.25
B04,56,8193.94,60506.86,-52312.92,530269.33
B04,57,10570.91,19618.84,-9047.93,521221.4
B04,58,4492.6,19391.76,-14899.16,506322.24
B04,59,10029.39,19280.4,-9251.01,497071.23
B04,60,139133.8,19179.23,119954.56,617025.8
B04,61,9369.81,19388.75,-10018.94,607006.86
B04,62,4806.66,19390.59,-14583.93,592422.93
B04,63,5810.67,18881.47,-13070.79,579352.13
B04,64,12461.81,17030.11,-4568.3,574783.84
B04,65,13747.98,17545.72,-3797.73,570986.1
B04,66,11855.35,19496.01,-7640.66,563345.44
B04,67,9924.45,17658.29,-7733.84,555611.61
B04,68,8950.81,18512.08,-9561.28,546050.33
B04,69,5608.03,18731.82,-13123.78,532926.55
B04,70,11652.11,17528.31,-5876.2,527050.35
B04,71,10646.3,18085.25,-7438.95,519611.4
B04,72,10148.04,17635.06,-7487.02,512124.37
B04,73,75698.68,18285.83,57412.85,569537.22
B04,74,89573.32,27562.05,62011.27,631548.48
B04,75,11693.06,27592.32,-15899.25,615649.23
B04,76,124449.06,18258.83,106190.23,721839.46
B04,77,8131.47,18299.51,-10168.03,711671.43
B04,78,57873.62,17248.57,40625.05,752296.47
B04,79,118774.0,17598.14,101175.86,853472.33
B04,80,9343.36,18392.8,-9049.44,844422.89
B04,81,102590.05,18424.62,84165.43,928588.32
B04,82,8948.18,17318.61,-8370.42,920217.9
B04,83,85053.35,18587.93,66465.42,986683.32
B04,84,7780.85,19085.94,-11305.09,975378.24
B04,85,7065.73,18435.13,-11369.4,964008.84
B04,86,7391.62,18619.99,-11228.38,952780.46
B04,87,5274.57,17704.18,-12429.61,940350.85
B04,88,61378.33,19068.55,42309.79,982660.64
B04,89,6845.07,18582.55,-11737.48,970923.16
B04,90,6844.89,18871.23,-12026.34,958896.82
B04,91,55278.08,16912.74,38365.34,997262.16
B04,92,5363.5,16896.31,-11532.81,985729.35
B04,93,93136.09,17137.35,75998.73,1061728.09
B04,94,7743.69,17508.34,-9764.65,1051963.44
B04,95,6694.97,17007.47,-10312.49,1041650.94
B04,96,7925.48,17830.29,-9904.81,1031746.13
B04,97,117888.4,18758.79,99129.61,1130875.74
B04,98,8307.79,19219.98,-10912.19,1119963.55
B04,99,6362.19,17500.21,-11138.02,1108825.53
B04,100,6298.93,16864.11,-10565.18,1098260.35
B04,101,3381.29,18809.95,-15428.67,1082831.68
B04,102,8849.03,16888.82,-8039.79,1074791.89
B04,103,3277.16,18543.69,-15266.53,1059525.36
B04,104,9136.53,18957.8,-9821.27,1049704.09
B04,105,82024.47,19215.84,62808.64,1112512.72
B04,106,7975.32,62060.23,-54084.9,1058427.82
B04,107,8397.92,17456.68,-9058.76,1049369.06
B04,108,9095.62,17673.04,-8577.42,1040791.65
B04,109,2991.21,18237.01,-15245.8,1025545.85
B04,110,154646.63,19131.97,135514.66,1161060.51
B04,111,12840.58,18864.04,-6023.45,1155037.06
B04,112,9478.11,16802.13,-7324.02,1147713.04
B04,113,12497.6,19368.62,-6871.01,1140842.02
B04,114,83922.69,67699.03,16223.66,1157065.68
B04,115,10242.09,18073.13,-7831.04,1149234.64
B04,116,10602.39,17153.79,-6551.39,1142683.25
B04,117,11288.22,36063.45,-24775.23,1117908.02
B04,118,90933.28,18219.93,72713.35,1190621.37
B04,119,122644.33,44628.21,78016.12,1268637.49
B04,120,11266.81,17924.96,-6658.15,1261979.34
B04,121,10090.22,17230.57,-7140.34,1254839.0
B04,122,9490.23,17518.2,-8027.97,1246811.02
B04,123,195700.35,19565.23,176135.13,1422946.15
B04,124,86594.51,18845.76,67748.75,1490694.9
B04,125,11932.61,19365.5,-7432.89,1483262.01
B04,126,200601.02,27498.72,173102.3,1656364.31
B04,127,97868.83,28187.52,69681.31,1726045.62
B04,128,10378.26,18262.88,-7884.62,1718160.99
B04,129,12971.98,19226.99,-6255.02,1711905.98
B04,130,10359.48,47030.2,-36670.71,1675235.27
B05,1,14531.27,11487.73,3043.54,111558.15
B05,2,18815.05,12152.96,6662.1,118220.24
B05,3,20051.14,38957.27,-18906.14,99314.11
B05,4,13946.83,11924.84,2021.99,101336.1
B05,5,14674.8,12249.54,2425.25,103761.36
B05,6,16298.58,12344.21,3954.36,107715.72
B05,7,15885.73,11238.93,4646.8,112362.52
B05,8,16290.86,11664.14,4626.72,116989.24
B05,9,15859.72,12820.49,3039.23,120028.46
B05,10,20984.75,11679.91,9304.84,129333.3
B05,11,113565.78,12160.8,101404.98,230738.29
B05,12,17624.76,11241.54,6383.21,237121.5
B05,13,6089.12,11325.22,-5236.1,231885.4
B05,14,19518.73,11449.37,8069.36,239954.76
B05,15,16998.18,11867.55,5130.64,245085.39
B05,16,20387.88,11846.79,8541.09,253626.48
B05,17,20383.58,44412.7,-24029.12,229597.36
B05,18,20942.03,12359.8,8582.22,238179.59
B05,19,19661.61,11527.76,8133.85,246313.44
B05,20,16591.6,11346.63,5244.97,251558.41
B05,21,14942.47,11538.73,3403.75,254962.16
B05,22,15412.04,16703.68,-1291.64,253670.51
B05,23,13746.4,16235.72,-2489.32,251181.2
B05,24,18940.02,12703.25,6236.77,257417.97
B05,25,18449.47,11278.62,7170.85,264588.82
B05,26,19880.84,12623.07,7257.77,271846.58
B05,27,19979.91,12798.79,7181.11,279027.69
B05,28,13285.23,11193.39,2091.83,281119.53
B05,29,21188.84,28053.31,-6864.47,274255.06
B05,30,17114.44,11763.87,5350.58,279605.63
B05,31,115702.48,11730.15,103972.33,383577.96
B05,32,14103.39,11059.55,3043.84,386621.8
B05,33,12667.45,45734.7,-33067.25,353554.55
B05,34,16992.39,11296.66,5695.74,359250.29
B05,35,17141.55,12075.88,5065.68,364315.97
B05,36,19648.39,12749.37,6899.01,371214.98
B05,37,18183.54,12168.54,6014.99,377229.98
B05,38,11988.5,37801.34,-25812.84,351417.14
B05,39,12829.51,11119.02,1710.49,353127.63
B05,40,18110.47,11486.37,6624.1,359751.73
B05,41,16340.94,12364.84,3976.1,363727.83
B05,42,19956.07,11439.93,8516.15,372243.97
B05,43,14832.84,11300.8,3532.04,375776.01
B05,44,15913.45,11892.97,4020.48,379796.49
B05,45,16839.75,12660.98,4178.77,383975.26
B05,46,19649.71,12756.67,6893.04,390868.3
B05,47,8721.64,11531.22,-2809.58,388058.73
B05,48,20797.3,11877.38,8919.91,396978.64
B05,49,16738.74,11869.13,4869.61,401848.25
B05,50,126787.96,12739.48,114048.48,515896.73
B05,51,20856.93,12933.15,7923.78,523820.51
B05,52,20729.0,12088.37,8640.63,532461.14
B05,53,17454.51,25766.94,-8312.43,524148.71
B05,54,18091.92,11985.54,6106.38,530255.09
B05,55,15313.31,11879.72,3433.6,533688.69
B05,56,17032.01,11792.99,5239.02,538927.71
B05,57,22888.92,11613.75,11275.16,550202.87
B05,58,15506.52,11121.4,4385.12,554587.99
B05,59,22031.16,11560.37,10470.79,565058.78
B05,60,20451.28,11643.48,8807.8,573866.58
B05,61,14785.94,11763.0,3022.94,576889.52
B05,62,24612.57,11629.19,12983.38,589872.9
B05,63,18658.64,11222.89,7435.75,597308.65
B05,64,22106.07,12682.57,9423.5,606732.15
B05,65,17638.99,11287.19,6351.79,613083.94
B05,66,24623.76,12664.78,11958.97,625042.92
B05,67,22162.59,12373.44,9789.15,634832.07
B05,68,22068.19,12674.65,9393.55,644225.62
B05,69,22530.21,12668.23,9861.98,654087.6
B05,70,23605.63,11267.59,12338.05,666425.65
B05,71,19039.94,11388.46,7651.48,674077.13
B05,72,19889.04,12116.54,7772.49,681849.62
B05,73,22986.73,12871.4,10115.33,691964.95
B05,74,22590.36,61364.66,-38774.3,653190.65
B05,75,15866.8,15994.26,-127.47,653063.18
B05,76,16667.97,12194.79,4473.17,657536.35
B05,77,19426.92,12548.77,6878.15,664414.5
B05,78,17293.12,12846.89,4446.22,668860.73
B05,79,20050.65,12778.12,7272.53,676133.26
B05,80,18686.97,11192.36,7494.61,683627.87
B05,81,15737.3,11535.47,4201.83,687829.69
B05,82,15863.81,11581.13,4282.67,692112.37
B05,83,16192.9,12059.7,4133.19,696245.56
B05,84,19701.6,12792.96,6908.64,703154.2
B05,85,21174.89,12484.19,8690.69,711844.9
B05,86,76422.12,12548.75,63873.37,775718.26
B05,87,15703.38,12454.46,3248.91,778967.18
B05,88,19678.46,12264.83,7413.63,786380.81
B05,89,13813.34,12500.53,1312.81,787693.62
B05,90,16801.27,12908.65,3892.62,791586.24
B05,91,21717.05,12065.4,9651.65,801237.89
B05,92,20012.36,11935.74,8076.62,809314.51
B05,93,15211.32,11315.97,3895.34,813209.85
B05,94,21388.91,12402.9,8986.01,822195.87
B05,95,12770.16,12114.62,655.54,822851.41
B05,96,4252.29,12130.3,-7878.01,814973.4
B05,97,15906.7,11453.43,4453.27,819426.68
B05,98,7566.05,36879.24,-29313.18,790113.49
B05,99,124713.0,11848.24,112864.76,902978.25
B05,100,13646.93,11200.45,2446.48,905424.72
B05,101,18287.08,11467.13,6819.96,912244.68
B05,102,21836.39,11922.9,9913.49,922158.17
B05,103,16679.41,12352.8,4326.61,926484.77
B05,104,22522.52,12227.95,10294.57,936779.34
B05,105,160849.14,12211.96,148637.17,1085416.51
B05,106,121934.12,12278.77,109655.35,1195071.86
B05,107,18151.94,12921.75,5230.19,1200302.06
B05,108,23372.77,11348.76,12024.01,1212326.07
B05,109,16896.09,11757.74,5138.34,1217464.41
B05,110,22104.09,11571.96,10532.13,1227996.55
B05,111,20690.58,11999.26,8691.33,1236687.87
B05,112,99992.25,11685.29,88306.95,1324994.83
B05,113,18409.55,11592.71,6816.84,1331811.66
B05,114,20489.56,12080.64,8408.92,1340220.59
B05,115,20432.03,11907.34,8524.7,1348745.28
B05,116,28317.21,11531.8,16785.41,1365530.69
B05,117,23597.7,12369.09,11228.62,1376759.31
B05,118,23516.96,11414.6,12102.36,1388861.67
B05,119,16350.14,11229.1,5121.04,1393982.71
B05,120,22883.52,11826.3,11057.22,1405039.93
B05,121,24839.39,12781.7,12057.69,1417097.62
B05,122,17399.4,11198.96,6200.44,1423298.06
B05,123,26344.04,11086.29,15257.76,1438555.82
B05,124,90892.34,12249.54,78642.8,1517198.61
B05,125,20311.76,11740.94,8570.82,1525769.43
B05,126,23433.6,15337.64,8095.96,1533865.39
B05,127,17036.79,16161.47,875.32,1534740.71
B05,128,18148.09,12055.11,6092.98,1540833.69
B05,129,18806.91,12216.47,6590.45,1547424.14
B05,130,18685.77,12856.04,5829.74,1553253.87
B06,1,5166.06,5067.04,99.02,56469.16
B06,2,5261.52,5835.55,-574.03,55895.14
B06,3,5187.66,5571.84,-384.18,55510.95
B06,4,4860.47,5373.73,-513.26,54997.7
B06,5,23043.1,5005.46,18037.64,73035.34
B06,6,6331.91,5823.9,508.01,73543.34
B06,7,6038.57,5829.96,208.62,73751.96
B06,8,5218.67,14136.96,-8918.29,64833.67
B06,9,3919.02,5174.47,-1255.45,63578.22
B06,10,6789.53,5284.74,1504.79,65083.01
B06,11,4846.47,5094.49,-248.02,64834.99
B06,12,4353.19,5771.5,-1418.3,63416.68
B06,13,6819.22,5753.21,1066.01,64482.69
B06,14,6408.75,5316.27,1092.48,65575.17
B06,15,6384.52,5583.2,801.32,66376.5
B06,16,5444.67,5631.76,-187.09,66189.4
B06,17,3448.37,4982.23,-1533.86,64655.54
B06,18,6619.01,5541.99,1077.02,65732.57
B06,19,6751.47,5047.96,1703.51,67436.08
B06,20,2128.33,5504.47,-3376.15,64059.93
B06,21,4434.56,5675.52,-1240.96,62818.98
B06,22,2002.25,8057.18,-6054.93,56764.05
B06,23,6066.09,7928.61,-1862.52,54901.53
B06,24,6656.72,5249.93,1406.79,56308.32
B06,25,4987.33,5157.3,-169.98,56138.34
B06,26,4773.58,5763.56,-989.98,55148.36
B06,27,4870.61,5424.33,-553.72,54594.64
B06,28,2052.3,5662.65,-3610.34,50984.3
B06,29,1388.58,5244.67,-3856.09,47128.21
B06,30,4412.78,5260.6,-847.81,46280.4
B06,31,6201.65,5616.7,584.95,46865.35
B06,32,19080.49,5535.14,13545.35,60410.7
B06,33,5967.15,5646.67,320.48,60731.18
B06,34,2848.85,5618.9,-2770.05,57961.13
B06,35,5078.6,5394.03,-315.43,57645.7
B06,36,37247.72,5276.54,31971.19,89616.88
B06,37,24978.27,5345.04,19633.23,109250.11
B06,38,4471.3,5353.28,-881.98,108368.13
B06,39,5774.63,5642.32,132.31,108500.45
B06,40,23109.04,5564.29,17544.75,126045.2
B06,41,4547.19,5302.82,-755.63,125289.57
B06,42,5458.11,5090.12,368.0,125657.56
B06,43,3669.28,5457.79,-1788.5,123869.06
B06,44,4328.56,5738.58,-1410.02,122459.04
B06,45,4069.46,5516.99,-1447.54,121011.5
B06,46,4858.4,5083.72,-225.33,120786.18
B06,47,4899.64,5065.48,-165.84,120620.34
B06,48,4162.78,11624.71,-7461.93,113158.41
B06,49,6452.16,5513.52,938.64,114097.05
B06,50,3940.65,5435.2,-1494.55,112602.5
B06,51,2957.79,5039.93,-2082.14,110520.36
B06,52,4481.69,5575.26,-1093.58,109426.78
B06,53,6174.16,5076.59,1097.57,110524.35
B06,54,5832.9,5646.69,186.21,110710.57
B06,55,5300.87,5409.88,-109.01,110601.55
B06,56,6583.93,5775.79,808.14,111409.69
B06,57,3311.27,5515.49,-2204.22,109205.47
B06,58,6859.3,5472.13,1387.18,110592.64
B06,59,4699.02,5792.38,-1093.36,109499.28
B06,60,56402.33,5299.05,51103.28,160602.56
B06,61,7147.16,5085.58,2061.58,162664.14
B06,62,7893.25,5351.62,2541.63,165205.77
B06,63,6556.52,5468.54,1087.98,166293.75
B06,64,3384.74,5351.14,-1966.4,164327.35
B06,65,7120.45,5219.06,1901.39,166228.74
B06,66,7157.8,5558.22,1599.58,167828.32
B06,67,27189.3,5165.43,22023.87,189852.19
B06,68,5465.41,5778.1,-312.69,189539.5
B06,69,2298.71,5355.53,-3056.82,186482.68
B06,70,5059.94,5075.76,-15.82,186466.87
B06,71,7587.78,5305.86,2281.92,188748.79
B06,72,1503.89,5007.75,-3503.85,185244.93
B06,73,4641.79,5188.62,-546.84,184698.09
B06,74,4674.86,7707.33,-3032.48,181665.61
B06,75,1710.39,7527.78,-5817.39,175848.22
B06,76,3306.86,5187.53,-1880.67,173967.55
B06,77,6014.79,5168.39,846.4,174813.95
B06,78,6006.86,5203.6,803.26,175617.2
B06,79,4845.0,5307.33,-462.32,175154.88
B06,80,5630.34,5667.25,-36.91,175117.97
B06,81,6069.25,5570.89,498.36,175616.32
B06,82,4499.4,5262.13,-762.73,174853.59
B06,83,4821.49,5147.99,-326.5,174527.09
B06,84,6418.24,5343.07,1075.17,175602.26
B06,85,5479.84,5063.0,416.84,176019.09
B06,86,6865.12,5832.41,1032.71,177051.81
B06,87,5851.08,5831.13,19.95,177071.75
B06,88,5764.03,5341.19,422.84,177494.59
B06,89,2492.02,5594.04,-3102.01,174392.58
B06,90,29931.15,5538.55,24392.6,198785.19
B06,91,2752.82,5461.45,-2708.63,196076.56
B06,92,4643.64,5589.29,-945.65,195130.91
B06,93,2770.39,5170.64,-2400.25,192730.66
B06,94,5404.2,5513.97,-109.76,192620.89
B06,95,5957.39,5599.85,357.54,192978.43
B06,96,5774.21,5816.39,-42.17,192936.26
B06,97,5943.7,5084.57,859.13,193795.39
B06,98,5095.74,5332.03,-236.28,193559.11
B06,99,5003.5,5473.38,-469.88,193089.23
B06,100,5430.77,5306.52,124.25,193213.48
B06,101,6610.89,5038.19,1572.71,194786.19
B06,102,4678.41,5363.32,-684.91,194101.28
B06,103,6589.35,5043.15,1546.19,195647.47
B06,104,5329.15,11534.22,-6205.06,189442.41
B06,105,7141.33,5565.73,1575.6,191018.0
B06,106,1259.93,5006.37,-3746.43,187271.57
B06,107,37925.96,5627.36,32298.61,219570.18
B06,108,25842.56,5100.47,20742.09,240312.27
B06,109,6015.9,5715.92,299.98,240612.25
B06,110,29667.4,5101.59,24565.82,265178.07
B06,111,3098.15,5013.24,-1915.09,263262.98
B06,112,6555.45,5250.19,1305.26,264568.24
B06,113,51859.2,5448.58,46410.62,310978.86
B06,114,8616.48,5305.53,3310.95,314289.8
B06,115,6659.25,5769.72,889.52,315179.33
B06,116,7423.21,5253.15,2170.06,317349.38
B06,117,6592.72,5677.0,915.72,318265.1
B06,118,7416.77,5841.38,1575.39,319840.49
B06,119,6552.61,5106.97,1445.64,321286.13
B06,120,6042.46,5346.04,696.42,321982.55
B06,121,8108.05,5786.35,2321.7,324304.26
B06,122,6645.6,5487.27,1158.34,325462.59
B06,123,2862.5,5028.09,-2165.59,323297.01
B06,124,7146.07,5483.44,1662.63,324959.64
B06,125,7497.62,5723.85,1773.77,326733.41
B06,126,2906.75,21805.96,-18899.22,307834.19
B06,127,5362.47,17251.98,-11889.51,295944.68
B06,128,7602.58,5653.72,1948.85,297893.53
B06,129,6785.2,5749.83,1035.37,298928.91
B06,130,7053.03,14024.8,-6971.77,291957.14
B07,1,12629.56,17729.86,-5100.3,60408.48
B07,2,11912.29,17811.62,-5899.33,54509.16
B07,3,9274.76,19131.94,-9857.17,44651.98
B07,4,11260.24,19001.18,-7740.94,36911.04
B07,5,15844.6,18083.93,-2239.32,34671.72
B07,6,15285.24,17073.65,-1788.41,32883.31
B07,7,11610.19,17758.07,-6147.88,26735.43
B07,8,13365.64,18234.16,-4868.52,21866.9
B07,9,11141.39,17824.81,-6683.42,15183.48
B07,10,16518.95,17092.14,-573.18,14610.3
B07,11,164279.97,17072.96,147207.01,161817.31
B07,12,11499.43,17712.16,-6212.72,155604.58
B07,13,104754.2,19206.45,85547.74,241152.32
B07,14,16280.28,18583.57,-2303.29,238849.04
B07,15,6635.9,18666.59,-12030.69,226818.35
B07,16,179657.24,18369.5,161287.74,388106.08
B07,17,15897.98,19255.24,-3357.26,384748.83
B07,18,12239.0,18310.52,-6071.52,378677.31
B07,19,178736.98,18953.23,159783.75,538461.06
B07,20,14474.8,17792.46,-3317.66,535143.4
B07,21,15834.53,19376.36,-3541.83,531601.57
B07,22,13203.57,26400.74,-13197.17,518404.4
B07,23,14593.4,26161.73,-11568.33,506836.07
B07,24,12274.92,19696.9,-7421.98,499414.09
B07,25,10309.9,19805.58,-9495.68,489918.41
B07,26,51961.33,18322.11,33639.22,523557.63
B07,27,13180.33,56323.09,-43142.76,480414.88
B07,28,104633.24,19471.44,85161.8,565576.67
B07,29,10540.04,19623.13,-9083.09,556493.58
B07,30,9182.57,35776.21,-26593.64,529899.94
B07,31,10181.77,17479.05,-7297.28,522602.66
B07,32,111841.67,18037.25,93804.42,616407.08
B07,33,10726.07,17199.3,-6473.22,609933.85
B07,34,8505.45,18570.55,-10065.11,599868.75
B07,35,7038.98,19731.08,-12692.1,587176.64
B07,36,69612.97,18594.08,51018.89,638195.53
B07,37,10153.03,43696.95,-33543.92,604651.61
B07,38,2708.11,19476.5,-16768.4,587883.22
B07,39,8800.2,18274.06,-9473.86,578409.36
B07,40,8270.71,19997.51,-11726.81,566682.55
B07,41,3357.48,18965.35,-15607.87,551074.68
B07,42,9599.91,17611.09,-8011.18,543063.5
B07,43,9065.06,19179.17,-10114.11,532949.39
B07,44,7163.9,18524.52,-11360.62,521588.77
B07,45,88360.21,17818.83,70541.38,592130.15
B07,46,10719.07,18253.16,-7534.09,584596.06
B07,47,49239.12,19260.53,29978.59,614574.66
B07,48,11619.77,19698.87,-8079.1,606495.56
B07,49,12095.69,18301.67,-6205.97,600289.59
B07,50,8363.34,17405.36,-9042.02,591247.57
B07,51,60209.38,17522.7,42686.68,633934.25
B07,52,11053.79,17461.4,-6407.62,627526.63
B07,53,6773.53,17654.31,-10880.78,616645.85
B07,54,12472.25,18440.27,-5968.02,610677.83
B07,55,103037.22,19085.78,83951.43,694629.27
B07,56,11995.56,19824.17,-7828.61,686800.66
B07,57,16385.21,18888.43,-2503.22,684297.44
B07,58,10924.18,19285.84,-8361.66,675935.78
B07,59,11268.67,18150.89,-6882.22,669053.56
B07,60,16748.33,19538.94,-2790.61,666262.94
B07,61,102247.17,19083.82,83163.35,749426.3
B07,62,2779.66,18138.64,-15358.98,734067.31
B07,63,5277.02,19171.45,-13894.44,720172.88
B07,64,15387.19,18008.56,-2621.37,717551.5
B07,65,17146.7,17685.25,-538.55,717012.95
B07,66,4912.41,17261.36,-12348.94,704664.01
B07,67,15733.1,17216.1,-1482.99,703181.02
B07,68,84720.91,18731.98,65988.93,769169.94
B07,69,15848.25,17400.99,-1552.74,767617.2
B07,70,18466.41,50809.18,-32342.78,735274.43
B07,71,18252.74,18406.72,-153.98,735120.45
B07,72,14791.33,18775.2,-3983.87,731136.58
B07,73,16919.47,18435.86,-1516.4,729620.18
B07,74,152386.38,24399.89,127986.49,857606.68
B07,75,18173.64,23686.58,-5512.94,852093.74
B07,76,11774.04,18970.66,-7196.62,844897.12
B07,77,168025.15,18903.87,149121.28,994018.4
B07,78,14769.98,18511.3,-3741.31,990277.08
B07,79,12650.27,17489.11,-4838.84,985438.25
B07,80,12622.61,17945.68,-5323.07,980115.17
B07,81,12627.98,17517.84,-4889.86,975225.31
B07,82,3821.77,18989.07,-15167.3,960058.01
B07,83,5137.64,19337.26,-14199.61,945858.4
B07,84,10554.21,18939.96,-8385.75,937472.65
B07,85,10469.53,18073.54,-7604.01,929868.63
B07,86,7238.59,17257.16,-10018.57,919850.07
B07,87,51013.01,17514.63,33498.38,953348.45
B07,88,9496.0,19390.66,-9894.66,943453.79
B07,89,7392.3,19218.58,-11826.27,931627.52
B07,90,7518.27,17674.06,-10155.79,921471.73
B07,91,9304.72,18428.54,-9123.82,912347.91
B07,92,97670.05,18685.86,78984.2,991332.11
B07,93,9878.91,19268.99,-9390.08,981942.03
B07,94,7995.57,18567.08,-10571.51,971370.52
B07,95,7772.67,18086.39,-10313.72,961056.8
B07,96,78023.17,17935.92,60087.24,1021144.04
B07,97,9534.83,18902.71,-9367.88,1011776.16
B07,98,110557.44,17394.7,93162.74,1104938.91
B07,99,2746.26,18122.49,-15376.23,1089562.68
B07,100,12467.46,18662.48,-6195.02,1083367.66
B07,101,10209.05,19684.19,-9475.14,1073892.52
B07,102,9167.01,19872.64,-10705.63,1063186.89
B07,103,12664.36,19913.88,-7249.52,1055937.36
B07,104,13243.85,18736.23,-5492.39,1050444.98
B07,105,14641.83,18574.35,-3932.51,1046512.46
B07,106,14959.31,17871.28,-2911.97,1043600.49
B07,107,101569.16,17486.37,84082.8,1127683.29
B07,108,13166.04,17896.27,-4730.23,1122953.06
B07,109,12019.59,19210.77,-7191.18,1115761.88
B07,110,14098.69,17425.88,-3327.19,1112434.68
B07,111,16777.59,19056.01,-2278.42,1110156.27
B07,112,71009.07,19068.02,51941.05,1162097.31
B07,113,158889.71,19358.52,139531.2,1301628.51
B07,114,117797.21,17419.71,100377.5,1402006.01
B07,115,21185.19,19967.57,1217.62,1403223.63
B07,116,13916.71,18936.78,-5020.07,1398203.55
B07,117,20631.52,17453.82,3177.7,1401381.25
B07,118,5040.57,17281.46,-12240.89,1389140.37
B07,119,14073.82,18110.32,-4036.5,1385103.87
B07,120,17117.36,19145.51,-2028.15,1383075.72
B07,121,19663.6,17791.24,1872.36,1384948.08
B07,122,16662.25,18163.62,-1501.37,1383446.71
B07,123,16199.54,17129.12,-929.58,1382517.14
B07,124,17961.9,19916.62,-1954.71,1380562.42
B07,125,13500.37,19911.07,-6410.7,1374151.72
B07,126,92107.82,24863.25,67244.56,1441396.28
B07,127,5253.88,24691.87,-19437.98,1421958.3
B07,128,7768.98,17248.52,-9479.54,1412478.76
B07,129,17210.46,17230.34,-19.88,1412458.88
B07,130,10982.57,18449.71,-7467.14,1404991.74
B08,1,1267.9,1599.78,-331.88,9624.51
B08,2,930.46,1431.27,-500.8,9123.71
B08,3,1101.03,5386.51,-4285.48,4838.23
B08,4,919.79,1485.59,-565.8,4272.43
B08,5,960.85,1619.24,-658.39,3614.04
B08,6,1078.91,1536.03,-457.12,3156.92
B08,7,1244.27,1604.14,-359.87,2797.05
B08,8,1322.75,1539.64,-216.89,2580.16
B08,9,1082.71,1538.58,-455.87,2124.29
B08,10,1050.68,1510.29,-459.61,1664.68
B08,11,283.32,1589.07,-1305.75,358.94
B08,12,890.81,1596.26,-705.45,-346.51
B08,13,513.83,1449.1,-935.27,-1281.79
B08,14,1266.78,1464.64,-197.86,-1479.65
B08,15,911.67,1456.59,-544.92,-2024.56
B08,16,916.32,1592.57,-676.24,-2700.81
B08,17,928.65,1452.09,-523.44,-3224.25
B08,18,495.04,1401.38,-906.34,-4130.59
B08,19,1240.01,1408.02,-168.01,-4298.6
B08,20,1299.02,1523.36,-224.33,-4522.93
B08,21,1096.95,1535.03,-438.08,-4961.01
B08,22,1177.42,2241.33,-1063.91,-6024.91
B08,23,942.98,2114.15,-1171.17,-7196.09
B08,24,898.13,1509.37,-611.24,-7807.32
B08,25,12122.02,1586.16,10535.86,2728.53
B08,26,1226.06,1565.18,-339.12,2389.41
B08,27,1046.57,1443.87,-397.31,1992.11
B08,28,1338.46,2940.48,-1602.03,390.08
B08,29,790.77,1438.7,-647.93,-257.85
B08,30,876.62,1556.39,-679.77,-937.62
B08,31,8137.78,1485.97,6651.81,5714.19
B08,32,6457.53,1522.76,4934.77,10648.97
B08,33,1146.95,1533.37,-386.42,10262.54
B08,34,1222.19,1574.01,-351.82,9910.73
B08,35,1028.1,1587.47,-559.37,9351.36
B08,36,11800.09,1524.12,10275.97,19627.32
B08,37,919.63,1576.02,-656.39,18970.93
B08,38,883.54,1440.4,-556.86,18414.07
B08,39,12347.16,1515.88,10831.28,29245.35
B08,40,12333.09,1414.22,10918.87,40164.22
B08,41,1170.25,1573.93,-403.68,39760.54
B08,42,1040.83,1401.04,-360.22,39400.32
B08,43,7253.07,1465.01,5788.06,45188.38
B08,44,853.61,1487.2,-633.6,44554.79
B08,45,1269.21,1583.49,-314.28,44240.51
B08,46,1348.72,1537.53,-188.81,44051.69
B08,47,1120.26,1552.22,-431.96,43619.74
B08,48,1198.31,1401.34,-203.04,43416.7
B08,49,1248.07,1643.81,-395.75,43020.95
B08,50,1140.37,1496.61,-356.24,42664.71
B08,51,1188.62,1490.49,-301.87,42362.84
B08,52,1347.43,1609.49,-262.06,42100.78
B08,53,1318.24,1562.53,-244.29,41856.49
B08,54,1167.68,1603.54,-435.86,41420.63
B08,55,1355.57,1451.4,-95.83,41324.8
B08,56,1020.04,1412.4,-392.36,40932.45
B08,57,1413.29,1443.48,-30.19,40902.26
B08,58,886.15,1642.71,-756.55,40145.7
B08,59,9349.66,1501.54,7848.12,47993.82
B08,60,1272.91,1466.73,-193.82,47800.0
B08,61,879.25,1553.2,-673.96,47126.05
B08,62,975.94,6129.81,-5153.87,41972.17
B08,63,1161.16,1438.3,-277.13,41695.04
B08,64,1268.04,1638.83,-370.79,41324.25
B08,65,997.63,1480.08,-482.45,40841.8
B08,66,1424.56,1593.45,-168.89,40672.91
B08,67,1127.76,1529.06,-401.3,40271.61
B08,68,1390.01,1463.73,-73.72,40197.9
B08,69,1339.63,1560.91,-221.28,39976.62
B08,70,1311.6,1444.56,-132.96,39843.66
B08,71,1365.56,1586.65,-221.1,39622.56
B08,72,1044.67,1461.34,-416.67,39205.9
B08,73,1456.27,1440.1,16.17,39222.07
B08,74,912.14,2234.99,-1322.85,37899.22
B08,75,1264.67,2130.3,-865.63,37033.58
B08,76,1137.55,1528.39,-390.84,36642.74
B08,77,7588.4,6057.66,1530.74,38173.48
B08,78,1006.4,1465.35,-458.95,37714.53
B08,79,1086.52,1446.89,-360.37,37354.16
B08,80,959.28,1577.27,-617.99,36736.17
B08,81,1274.28,1571.06,-296.78,36439.39
B08,82,1278.28,1572.0,-293.72,36145.67
B08,83,858.44,1467.29,-608.85,35536.82
B08,84,1445.92,1418.71,27.21,35564.03
B08,85,971.11,1587.15,-616.04,34947.99
B08,86,913.75,5380.55,-4466.81,30481.18
B08,87,1116.88,1422.84,-305.96,30175.22
B08,88,468.68,1414.8,-946.12,29229.11
B08,89,1163.37,4588.03,-3424.66,25804.45
B08,90,936.59,1538.38,-601.79,25202.66
B08,91,994.87,1622.02,-627.15,24575.51
B08,92,1205.7,1564.24,-358.54,24216.97
B08,93,905.69,1592.26,-686.56,23530.41
B08,94,1180.21,1451.44,-271.23,23259.18
B08,95,1348.69,1577.97,-229.27,23029.91
B08,96,9171.47,1464.21,7707.26,30737.17
B08,97,6644.52,1408.41,5236.11,35973.28
B08,98,1084.75,1445.6,-360.85,35612.43
B08,99,899.04,1534.96,-635.92,34976.51
B08,100,1325.71,1638.55,-312.84,34663.68
B08,101,1308.99,1559.73,-250.74,34412.94
B08,102,1055.35,1534.96,-479.61,33933.32
B08,103,8005.2,1532.49,6472.71,40406.03
B08,104,1493.2,1423.31,69.89,40475.92
B08,105,1022.28,1606.85,-584.57,39891.35
B08,106,1216.55,1428.4,-211.85,39679.5
B08,107,6562.4,1411.32,5151.08,44830.58
B08,108,1033.74,1532.27,-498.53,44332.05
B08,109,1498.55,1619.02,-120.47,44211.58
B08,110,1053.8,1439.23,-385.43,43826.16
B08,111,1061.91,1427.87,-365.97,43460.19
B08,112,965.13,1468.13,-503.01,42957.19
B08,113,911.55,1452.69,-541.14,42416.05
B08,114,1523.49,1605.42,-81.93,42334.12
B08,115,1290.16,1495.15,-205.0,42129.12
B08,116,6646.51,1564.35,5082.15,47211.28
B08,117,6503.03,1495.01,5008.02,52219.3
B08,118,1282.13,1539.29,-257.16,51962.14
B08,119,1355.81,1499.07,-143.26,51818.88
B08,120,271.99,1559.5,-1287.5,50531.38
B08,121,986.55,1522.24,-535.69,49995.69
B08,122,1317.33,1473.45,-156.12,49839.57
B08,123,488.11,1488.03,-999.92,48839.65
B08,124,1164.31,1462.5,-298.19,48541.46
B08,125,1556.7,1626.32,-69.62,48471.84
B08,126,748.74,2076.4,-1327.66,47144.18
B08,127,6713.41,2059.48,4653.93,51798.1
B08,128,1089.8,1419.45,-329.65,51468.45
B08,129,1480.99,1520.07,-39.08,51429.38
B08,130,1147.4,1531.4,-384.0,51045.38
B09,1,1812.59,1722.96,89.63,6352.45
B09,2,1652.51,1622.41,30.1,6382.55
B09,3,2408.89,1643.8,765.09,7147.65
B09,4,2022.43,1719.13,303.3,7450.95
B09,5,2266.12,1596.55,669.57,8120.52
B09,6,1307.14,4496.98,-3189.84,4930.68
B09,7,1931.83,1489.61,442.22,5372.9
B09,8,678.28,1610.55,-932.26,4440.64
B09,9,2548.74,1487.9,1060.84,5501.48
B09,10,1978.5,1486.36,492.14,5993.62
B09,11,16740.3,1696.33,15043.97,21037.6
B09,12,1539.15,1671.57,-132.42,20905.17
B09,13,1521.36,6093.85,-4572.49,16332.69
B09,14,1793.4,1615.11,178.29,16510.98
B09,15,2057.22,1590.03,467.19,16978.17
B09,16,1605.49,1502.7,102.79,17080.95
B09,17,13288.03,1502.29,11785.74,28866.7
B09,18,1697.27,1681.53,15.75,28882.44
B09,19,1630.4,1516.01,114.4,28996.84
B09,20,1575.55,1708.2,-132.65,28864.19
B09,21,1268.3,1545.89,-277.59,28586.6
B09,22,1198.61,2228.48,-1029.87,27556.73
B09,23,1526.88,2312.82,-785.94,26770.79
B09,24,1518.72,1731.97,-213.25,26557.54
B09,25,1322.05,1645.68,-323.63,26233.91
B09,26,1029.21,3335.34,-2306.13,23927.78
B09,27,1184.03,1643.16,-459.13,23468.65
B09,28,1119.46,1652.39,-532.93,22935.72
B09,29,1233.18,1573.24,-340.05,22595.67
B09,30,1353.16,1561.89,-208.73,22386.94
B09,31,953.5,1544.16,-590.66,21796.27
B09,32,1315.18,1602.65,-287.46,21508.81
B09,33,1313.51,3218.48,-1904.97,19603.84
B09,34,1388.11,1661.78,-273.68,19330.17
B09,35,975.85,1490.07,-514.22,18815.95
B09,36,1367.56,1541.14,-173.58,18642.37
B09,37,1108.18,1496.65,-388.47,18253.89
B09,38,1575.5,1661.8,-86.3,18167.59
B09,39,1190.72,1620.08,-429.36,17738.23
B09,40,1734.04,1657.89,76.16,17814.39
B09,41,1152.67,1557.44,-404.77,17409.62
B09,42,1762.49,1624.6,137.9,17547.52
B09,43,2102.25,3992.99,-1890.74,15656.78
B09,44,1669.9,1602.82,67.08,15723.86
B09,45,1405.34,1617.55,-212.21,15511.65
B09,46,2269.21,1675.88,593.33,16104.98
B09,47,14458.24,1725.29,12732.95,28837.93
B09,48,2004.26,1635.55,368.71,29206.64
B09,49,2039.44,1629.44,410.01,29616.64
B09,50,1596.38,1702.33,-105.95,29510.69
B09,51,2376.56,1697.37,679.19,30189.88
B09,52,12392.02,1505.05,10886.98,41076.86
B09,53,2354.83,1651.57,703.26,41780.12
B09,54,2295.76,1550.26,745.5,42525.62
B09,55,1801.38,1665.92,135.46,42661.08
B09,56,2085.2,1510.29,574.92,43236.0
B09,57,2688.6,1535.16,1153.44,44389.44
B09,58,15309.09,1642.95,13666.14,58055.58
B09,59,2389.72,1479.23,910.48,58966.07
B09,60,2295.4,1508.02,787.37,59753.44
B09,61,2221.22,1491.89,729.33,60482.77
B09,62,16953.67,1628.02,15325.65,75808.42
B09,63,576.02,1610.81,-1034.79,74773.64
B09,64,1852.96,1491.68,361.29,75134.92
B09,65,16840.4,6517.87,10322.53,85457.45
B09,66,565.72,1706.0,-1140.27,84317.17
B09,67,1605.29,1477.85,127.44,84444.61
B09,68,1779.56,1650.97,128.59,84573.21
B09,69,1809.41,1614.5,194.91,84768.11
B09,70,1964.33,1675.25,289.08,85057.19
B09,71,7269.68,2923.58,4346.1,89403.29
B09,72,1599.66,1603.64,-3.99,89399.31
B09,73,1437.89,1681.6,-243.71,89155.59
B09,74,1451.94,2274.57,-822.64,88332.96
B09,75,1542.89,2274.37,-731.48,87601.48
B09,76,1660.54,1624.55,35.99,87637.47
B09,77,1316.46,1499.16,-182.69,87454.78
B09,78,1486.06,1675.21,-189.15,87265.63
B09,79,966.59,1545.76,-579.17,86686.46
B09,80,1010.7,1550.08,-539.38,86147.08
B09,81,1376.9,1620.16,-243.26,85903.82
B09,82,960.89,1570.31,-609.41,85294.41
B09,83,1359.72,1552.03,-192.31,85102.1
B09,84,1113.31,1617.88,-504.57,84597.53
B09,85,1324.35,1527.09,-202.74,84394.78
B09,86,10538.15,1562.21,8975.93,93370.72
B09,87,1139.73,1533.28,-393.56,92977.16
B09,88,1058.78,1545.66,-486.87,92490.29
B09,89,1128.89,1706.16,-577.28,91913.01
B09,90,851.34,1666.62,-815.28,91097.73
B09,91,1758.68,1672.44,86.24,91183.97
B09,92,1773.27,1542.72,230.55,91414.52
B09,93,1758.15,1578.26,179.89,91594.41
B09,94,1713.33,1615.56,97.77,91692.18
B09,95,1896.68,6178.06,-4281.39,87410.8
B09,96,11713.31,1490.43,10222.89,97633.69
B09,97,1491.16,1578.96,-87.8,97545.89
B09,98,1690.7,1657.39,33.31,97579.2
B09,99,2253.33,1546.98,706.35,98285.54
B09,100,2129.23,1724.23,405.0,98690.54
B09,101,1727.25,1561.76,165.5,98856.04
B09,102,2636.09,1617.65,1018.44,99874.48
B09,103,1877.87,1655.24,222.63,100097.11
B09,104,2535.81,1703.95,831.86,100928.97
B09,105,2820.6,1599.2,1221.4,102150.37
B09,106,2613.04,1626.46,986.58,103136.95
B09,107,16102.5,1680.95,14421.55,117558.5
B09,108,2719.7,1530.98,1188.72,118747.21
B09,109,2133.39,1580.64,552.74,119299.96
B09,110,2347.76,1521.06,826.7,120126.65
B09,111,2100.61,1629.9,470.71,120597.37
B09,112,2904.21,1601.96,1302.25,121899.62
B09,113,20889.84,1551.18,19338.66,141238.28
B09,114,2462.69,1534.74,927.95,142166.22
B09,115,2105.67,1499.35,606.32,142772.54
B09,116,1947.04,1592.88,354.16,143126.7
B09,117,1634.86,4910.03,-3275.16,139851.54
B09,118,2502.12,1623.45,878.68,140730.22
B09,119,1970.35,1592.72,377.63,141107.85
B09,120,1551.5,1717.06,-165.56,140942.29
B09,121,1506.28,1655.43,-149.15,140793.14
B09,122,1507.54,1547.76,-40.23,140752.91
B09,123,12486.57,1619.77,10866.8,151619.71
B09,124,1908.19,1592.64,315.55,151935.26
B09,125,1221.05,3182.85,-1961.8,149973.46
B09,126,1410.31,2172.3,-761.99,149211.47
B09,127,1248.67,2298.63,-1049.97,148161.5
B09,128,1261.97,1600.37,-338.41,147823.1
B09,129,1524.77,1547.97,-23.2,147799.89
B09,130,8129.23,1494.78,6634.45,154434.34
B10,1,811.63,4485.33,-3673.71,44543.95
B10,2,3330.45,4988.5,-1658.04,42885.91
B10,3,2710.12,4991.57,-2281.45,40604.45
B10,4,3568.1,5145.19,-1577.09,39027.37
B10,5,3142.59,5142.56,-1999.97,37027.4
B10,6,2599.38,4985.86,-2386.48,34640.92
B10,7,3514.29,4992.42,-1478.13,33162.79
B10,8,2453.75,17156.31,-14702.55,18460.24
B10,9,3370.44,4813.58,-1443.14,17017.1
B10,10,2897.76,15347.73,-12449.97,4567.13
B10,11,3085.16,4643.36,-1558.2,3008.93
B10,12,2790.26,4828.48,-2038.22,970.7
B10,13,36311.01,4726.55,31584.46,32555.16
B10,14,3490.69,4559.15,-1068.46,31486.71
B10,15,2850.53,4884.4,-2033.86,29452.84
B10,16,2709.29,4634.77,-1925.49,27527.35
B10,17,2180.04,4603.27,-2423.24,25104.12
B10,18,2495.9,4823.65,-2327.74,22776.37
B10,19,2407.67,4586.92,-2179.26,20597.12
B10,20,3320.54,4474.13,-1153.6,19443.52
B10,21,1052.11,4919.52,-3867.42,15576.1
B10,22,2199.63,6132.51,-3932.88,11643.22
B10,23,2773.44,6344.31,-3570.87,8072.36
B10,24,909.29,5143.65,-4234.37,3837.99
B10,25,2802.7,11546.52,-8743.82,-4905.83
B10,26,2901.48,5218.38,-2316.9,-7222.73
B10,27,2167.71,5095.94,-2928.24,-10150.97
B10,28,2441.02,4586.06,-2145.05,-12296.02
B10,29,2068.69,4647.51,-2578.82,-14874.84
B10,30,2295.89,4779.92,-2484.03,-17358.87
B10,31,2408.89,4988.49,-2579.6,-19938.47
B10,32,2783.73,5230.59,-2446.86,-22385.33
B10,33,41805.98,5241.26,36564.71,14179.38
B10,34,24061.45,4775.3,19286.15,33465.53
B10,35,2911.44,5119.08,-2207.64,31257.89
B10,36,24438.85,10291.63,14147.22,45405.11
B10,37,2829.42,4691.0,-1861.58,43543.53
B10,38,2846.14,4860.33,-2014.19,41529.34
B10,39,21588.81,5039.04,16549.78,58079.12
B10,40,3225.83,5069.82,-1843.99,56235.12
B10,41,25323.61,5012.17,20311.44,76546.57
B10,42,1105.21,5033.43,-3928.22,72618.35
B10,43,3095.71,4563.32,-1467.61,71150.74
B10,44,1397.38,4898.66,-3501.28,67649.46
B10,45,3183.63,4556.83,-1373.2,66276.26
B10,46,2258.22,5158.43,-2900.21,63376.05
B10,47,45952.77,4641.46,41311.31,104687.37
B10,48,679.29,5162.27,-4482.98,100204.39
B10,49,3230.42,4767.78,-1537.36,98667.02
B10,50,3206.1,5091.17,-1885.06,96781.96
B10,51,3763.67,5013.09,-1249.42,95532.54
B10,52,1017.25,5102.4,-4085.15,91447.39
B10,53,39703.91,5182.92,34520.99,125968.38
B10,54,3881.63,4941.75,-1060.12,124908.26
B10,55,661.25,4968.22,-4306.97,120601.29
B10,56,2801.47,15763.56,-12962.09,107639.2
B10,57,3566.85,4650.34,-1083.49,106555.71
B10,58,3955.44,4692.13,-736.69,105819.02
B10,59,3237.81,5125.72,-1887.91,103931.11
B10,60,3711.57,4541.02,-829.45,103101.65
B10,61,48075.25,4851.65,43223.6,146325.26
B10,62,42281.72,4492.11,37789.61,184114.87
B10,63,732.82,4498.42,-3765.61,180349.27
B10,64,3304.21,4556.38,-1252.16,179097.1
B10,65,2783.31,5221.84,-2438.52,176658.58
B10,66,47543.98,4540.71,43003.28,219661.85
B10,67,2346.16,10601.23,-8255.07,211406.78
B10,68,2568.55,5015.77,-2447.22,208959.56
B10,69,2475.98,4998.99,-2523.01,206436.55
B10,70,1131.46,19511.86,-18380.4,188056.15
B10,71,3513.26,4640.11,-1126.85,186929.3
B10,72,2512.06,5198.26,-2686.2,184243.1
B10,73,41707.88,4597.91,37109.97,221353.07
B10,74,47543.4,6726.01,40817.39,262170.46
B10,75,3012.76,6660.77,-3648.01,258522.45
B10,76,3032.23,4950.87,-1918.64,256603.81
B10,77,2173.61,5196.92,-3023.31,253580.5
B10,78,3329.37,5066.64,-1737.26,251843.24
B10,79,1245.92,4484.82,-3238.9,248604.34
B10,80,2535.52,16442.13,-13906.61,234697.73
B10,81,3515.47,18217.19,-14701.72,219996.01
B10,82,2494.58,10810.97,-8316.39,211679.62
B10,83,2565.36,5030.76,-2465.4,209214.22
B10,84,39605.82,4652.2,34953.62,244167.84
B10,85,2873.42,5201.1,-2327.68,241840.16
B10,86,3404.12,4736.31,-1332.19,240507.97
B10,87,2959.7,5045.96,-2086.26,238421.71
B10,88,3305.44,4889.23,-1583.79,236837.92
B10,89,2943.47,4798.71,-1855.23,234982.69
B10,90,2650.38,4906.46,-2256.08,232726.61
B10,91,2759.88,4792.09,-2032.21,230694.4
B10,92,3639.14,4783.83,-1144.69,229549.71
B10,93,2684.91,20254.62,-17569.7,211980.01
B10,94,46328.49,4502.74,41825.75,253805.76
B10,95,3560.68,15278.62,-11717.94,242087.82
B10,96,3969.81,4528.18,-558.38,241529.44
B10,97,3147.0,4618.69,-1471.7,240057.75
B10,98,3309.85,4549.01,-1239.17,238818.58
B10,99,53204.37,4798.66,48405.71,287224.29
B10,100,28742.61,4710.41,24032.2,311256.49
B10,101,3831.21,4842.22,-1011.01,310245.49
B10,102,3638.58,4719.22,-1080.64,309164.84
B10,103,3185.5,5064.94,-1879.44,307285.4
B10,104,3621.36,5085.63,-1464.27,305821.13
B10,105,40204.7,5079.03,35125.68,340946.81
B10,106,878.72,4648.43,-3769.71,337177.1
B10,107,1836.84,4746.58,-2909.73,334267.36
B10,108,3431.53,4911.72,-1480.2,332787.17
B10,109,2750.06,14762.58,-12012.52,320774.64
B10,110,34526.24,4622.1,29904.14,350678.79
B10,111,4213.96,4960.1,-746.14,349932.64
B10,112,3824.97,5055.65,-1230.69,348701.96
B10,113,3683.63,4561.21,-877.59,347824.37
B10,114,3958.0,5152.08,-1194.08,346630.3
B10,115,2436.77,4513.84,-2077.07,344553.22
B10,116,2471.5,4861.22,-2389.72,342163.5
B10,117,3196.72,5028.58,-1831.85,340331.65
B10,118,3253.79,4862.27,-1608.48,338723.17
B10,119,2620.55,5228.44,-2607.89,336115.28
B10,120,2496.84,4502.25,-2005.41,334109.87
B10,121,2950.48,5030.08,-2079.6,332030.27
B10,122,1497.7,4590.53,-3092.83,328937.44
B10,123,34357.7,4612.47,29745.23,358682.67
B10,124,2459.66,5156.74,-2697.09,355985.58
B10,125,48321.64,4790.81,43530.83,399516.41
B10,126,3155.86,6577.52,-3421.66,396094.75
B10,127,2934.77,6815.89,-3881.12,392213.63
B10,128,39647.69,5200.36,34447.33,426660.96
B10,129,32761.46,4946.64,27814.83,454475.79
B10,130,3333.95,5170.67,-1836.72,452639.07
B11,1,4214.73,18775.66,-14560.93,18903.81
B11,2,5766.58,5660.71,105.87,19009.68
B11,3,5733.01,5145.93,587.08,19596.76
B11,4,6480.72,5308.97,1171.76,20768.52
B11,5,5042.39,5342.35,-299.96,20468.56
B11,6,30783.39,5250.63,25532.76,46001.32
B11,7,7042.46,12213.2,-5170.74,40830.58
B11,8,5605.34,5166.39,438.96,41269.54
B11,9,6594.56,5673.8,920.77,42190.31
B11,10,7395.62,5769.36,1626.26,43816.57
B11,11,7046.72,5210.88,1835.84,45652.41
B11,12,7825.14,5719.63,2105.5,47757.91
B11,13,7278.62,5870.29,1408.33,49166.24
B11,14,7300.7,5575.14,1725.56,50891.8
B11,15,7475.26,5779.86,1695.4,52587.2
B11,16,8163.32,5347.26,2816.06,55403.26
B11,17,7093.09,5230.13,1862.97,57266.23
B11,18,5905.9,5829.12,76.78,57343.01
B11,19,8171.75,5788.83,2382.93,59725.93
B11,20,5794.15,5166.59,627.56,60353.5
B11,21,6637.75,5495.64,1142.11,61495.61
B11,22,5494.56,7260.71,-1766.16,59729.46
B11,23,5557.76,6783.21,-1225.45,58504.01
B11,24,6218.42,5719.31,499.11,59003.12
B11,25,6228.88,5475.91,752.97,59756.09
B11,26,6663.89,5618.53,1045.37,60801.46
B11,27,5748.57,5331.17,417.4,61218.86
B11,28,4487.73,5645.81,-1158.08,60060.78
B11,29,4701.42,5529.52,-828.1,59232.69
B11,30,4168.67,5407.63,-1238.97,57993.72
B11,31,5105.27,5123.78,-18.51,57975.21
B11,32,5229.65,5339.75,-110.11,57865.1
B11,33,4369.58,5083.5,-713.92,57151.18
B11,34,33346.24,5902.67,27443.57,84594.76
B11,35,5540.06,5121.0,419.06,85013.82
B11,36,28979.64,9113.29,19866.35,104880.17
B11,37,4222.43,5275.56,-1053.12,103827.05
B11,38,3447.42,5147.87,-1700.46,102126.59
B11,39,4043.57,5599.08,-1555.51,100571.08
B11,40,4856.72,5154.63,-297.9,100273.18
B11,41,3538.43,5423.43,-1885.0,98388.18
B11,42,4915.8,5247.9,-332.11,98056.07
B11,43,3402.4,5416.03,-2013.63,96042.44
B11,44,3737.92,5266.58,-1528.66,94513.79
B11,45,5378.27,5932.12,-553.85,93959.94
B11,46,4429.49,5510.35,-1080.86,92879.08
B11,47,5802.49,5160.08,642.4,93521.48
B11,48,6079.29,5146.48,932.81,94454.29
B11,49,4562.5,5523.97,-961.47,93492.82
B11,50,4155.54,5351.39,-1195.85,92296.97
B11,51,4797.61,9836.48,-5038.87,87258.1
B11,52,6080.6,5334.72,745.88,88003.98
B11,53,5103.56,5543.61,-440.05,87563.93
B11,54,7555.15,14664.79,-7109.64,80454.29
B11,55,6321.01,5669.56,651.44,81105.74
B11,56,7444.8,5215.85,2228.95,83334.68
B11,57,5114.4,5314.15,-199.76,83134.92
B11,58,5335.5,5575.73,-240.23,82894.69
B11,59,8595.28,5453.7,3141.58,86036.27
B11,60,7987.28,5485.51,2501.77,88538.04
B11,61,7814.44,5199.35,2615.08,91153.12
B11,62,6482.98,5869.64,613.34,91766.46
B11,63,8455.33,5597.03,2858.3,94624.76
B11,64,5664.8,5189.24,475.56,95100.32
B11,65,40668.13,5346.07,35322.05,130422.37
B11,66,8940.79,5334.24,3606.56,134028.93
B11,67,7145.13,5321.62,1823.5,135852.43
B11,68,9720.08,5664.15,4055.93,139908.37
B11,69,7050.97,11512.84,-4461.87,135446.5
B11,70,32769.78,5956.99,26812.79,162259.29
B11,71,8531.24,5372.36,3158.87,165418.17
B11,72,5382.26,5432.0,-49.74,165368.43
B11,73,8631.65,22797.71,-14166.07,151202.36
B11,74,8394.29,6649.88,1744.42,152946.78
B11,75,7622.55,7257.79,364.77,153311.55
B11,76,6815.88,5663.89,1151.99,154463.53
B11,77,5411.88,5134.62,277.26,154740.79
B11,78,7607.58,5145.42,2462.16,157202.95
B11,79,6996.1,5279.3,1716.81,158919.76
B11,80,7414.57,5286.01,2128.56,161048.32
B11,81,4295.79,5791.41,-1495.62,159552.7
B11,82,5744.39,17310.62,-11566.23,147986.47
B11,83,5791.74,5665.76,125.98,148112.45
B11,84,5117.83,14390.95,-9273.12,138839.33
B11,85,28475.08,5804.16,22670.92,161510.25
B11,86,4828.76,5112.43,-283.67,161226.57
B11,87,4660.29,5601.14,-940.85,160285.72
B11,88,5515.63,5617.66,-102.03,160183.69
B11,89,5550.66,5111.25,439.41,160623.11
B11,90,4269.08,5273.22,-1004.13,159618.97
B11,91,3579.02,5178.27,-1599.25,158019.72
B11,92,4289.04,5878.61,-1589.56,156430.16
B11,93,3810.81,15593.49,-11782.68,144647.48
B11,94,4819.68,5551.81,-732.13,143915.35
B11,95,3446.79,5286.68,-1839.89,142075.46
B11,96,4033.54,5897.85,-1864.3,140211.16
B11,97,3808.98,5840.79,-2031.81,138179.35
B11,98,4488.12,5261.71,-773.6,137405.75
B11,99,5842.67,5723.24,119.43,137525.18
B11,100,5999.22,5776.05,223.17,137748.35
B11,101,4658.37,5332.6,-674.24,137074.12
B11,102,5172.47,5451.41,-278.94,136795.17
B11,103,5236.95,5201.85,35.1,136830.27
B11,104,7366.82,5534.17,1832.65,138662.92
B11,105,7418.35,5768.32,1650.04,140312.96
B11,106,7115.59,5471.66,1643.92,141956.89
B11,107,6879.01,5544.67,1334.34,143291.23
B11,108,8145.62,5280.78,2864.83,146156.06
B11,109,5717.86,5699.78,18.09,146174.14
B11,110,56865.83,5940.98,50924.84,197098.99
B11,111,9115.36,5353.91,3761.45,200860.44
B11,112,7275.18,13806.22,-6531.04,194329.4
B11,113,61131.52,5561.14,55570.38,249899.78
B11,114,3288.59,5623.0,-2334.41,247565.37
B11,115,7352.78,5242.92,2109.87,249675.23
B11,116,8233.04,5521.28,2711.75,252386.99
B11,117,6784.73,5160.23,1624.5,254011.49
B11,118,9785.38,5791.88,3993.5,258004.99
B11,119,8180.72,5548.04,2632.67,260637.66
B11,120,55092.43,5307.07,49785.36,310423.03
B11,121,9533.11,5747.97,3785.15,314208.17
B11,122,8484.95,5944.31,2540.64,316748.81
B11,123,9061.93,19941.65,-10879.72,305869.09
B11,124,9736.79,5549.79,4187.0,310056.09
B11,125,6858.99,5245.96,1613.02,311669.12
B11,126,6355.44,20562.98,-14207.53,297461.58
B11,127,6431.33,6868.32,-436.99,297024.59
B11,128,5399.25,5522.26,-123.01,296901.57
B11,129,6558.5,5858.99,699.51,297601.08
B11,130,6130.24,5779.82,350.43,297951.51
B12,1,1451.5,1371.27,80.23,5995.03
B12,2,1737.43,1457.11,280.32,6275.35
B12,3,1632.55,1415.85,216.7,6492.04
B12,4,1878.69,1467.58,411.11,6903.15
B12,5,1839.08,2769.67,-930.58,5972.57
B12,6,1702.87,1510.32,192.55,6165.12
B12,7,1225.31,1455.44,-230.13,5934.98
B12,8,6707.65,3446.18,3261.47,9196.45
B12,9,1473.22,1361.99,111.23,9307.69
B12,10,1257.73,1298.63,-40.9,9266.79
B12,11,1551.18,1476.93,74.25,9341.04
B12,12,1588.84,1394.99,193.85,9534.89
B12,13,14770.31,1507.73,13262.58,22797.47
B12,14,2059.2,1312.2,747.0,23544.47
B12,15,1938.63,3333.87,-1395.24,22149.23
B12,16,1476.12,1408.18,67.94,22217.17
B12,17,1815.25,1496.23,319.02,22536.19
B12,18,2099.31,1503.06,596.25,23132.44
B12,19,1440.87,6052.98,-4612.11,18520.34
B12,20,1348.82,1340.09,8.73,18529.06
B12,21,2020.45,1300.58,719.87,19248.94
B12,22,1406.56,1952.77,-546.21,18702.72
B12,23,1934.41,1997.21,-62.79,18639.93
B12,24,1263.83,1448.69,-184.87,18455.06
B12,25,1612.57,1478.91,133.65,18588.71
B12,26,1264.32,1506.36,-242.05,18346.67
B12,27,657.72,1452.36,-794.65,17552.02
B12,28,1839.43,1455.87,383.56,17935.58
B12,29,1493.24,1325.1,168.15,18103.73
B12,30,1488.89,1366.8,122.09,18225.82
B12,31,1639.28,1382.46,256.82,18482.64
B12,32,1430.39,1476.43,-46.03,18436.6
B12,33,1184.32,1485.53,-301.2,18135.4
B12,34,1257.39,1336.63,-79.24,18056.16
B12,35,1398.32,1324.67,73.65,18129.81
B12,36,1542.28,1301.06,241.22,18371.03
B12,37,1501.65,1407.91,93.73,18464.76
B12,38,1580.04,1334.86,245.18,18709.95
B12,39,1671.78,1479.45,192.32,18902.27
B12,40,1624.49,1327.59,296.9,19199.17
B12,41,244.06,4815.1,-4571.04,14628.13
B12,42,1077.71,1373.04,-295.34,14332.79
B12,43,1273.44,1489.25,-215.81,14116.99
B12,44,1452.69,1385.38,67.31,14184.29
B12,45,1546.49,1342.55,203.94,14388.23
B12,46,1409.4,1384.69,24.72,14412.95
B12,47,1765.68,1478.75,286.93,14699.88
B12,48,11822.47,1449.59,10372.87,25072.75
B12,49,1802.18,1490.59,311.59,25384.34
B12,50,586.26,1427.46,-841.2,24543.14
B12,51,1567.55,1494.06,73.49,24616.64
B12,52,1580.84,1357.11,223.73,24840.36
B12,53,1765.07,1465.92,299.16,25139.52
B12,54,1606.91,1432.49,174.42,25313.94
B12,55,1453.42,1383.81,69.61,25383.55
B12,56,419.81,1407.3,-987.49,24396.06
B12,57,1337.76,1325.39,12.37,24408.43
B12,58,1698.28,1429.96,268.32,24676.75
B12,59,1645.81,4266.75,-2620.94,22055.81
B12,60,1696.82,1327.0,369.82,22425.63
B12,61,7772.25,1495.04,6277.21,28702.84
B12,62,2151.09,1391.64,759.45,29462.29
B12,63,2213.11,1484.52,728.59,30190.88
B12,64,1704.8,1300.81,403.99,30594.87
B12,65,1449.53,1321.64,127.88,30722.76
B12,66,2006.11,1314.55,691.56,31414.31
B12,67,2075.95,1342.42,733.53,32147.85
B12,68,1745.24,1345.28,399.96,32547.8
B12,69,2121.19,1457.48,663.71,33211.51
B12,70,1483.15,1302.08,181.08,33392.59
B12,71,1549.99,1410.62,139.37,33531.96
B12,72,1621.88,1422.24,199.64,33731.6
B12,73,1910.71,1308.5,602.21,34333.81
B12,74,1682.79,1915.05,-232.26,34101.55
B12,75,15079.09,1953.05,13126.04,47227.59
B12,76,1587.51,1424.83,162.67,47390.27
B12,77,1859.81,1497.05,362.76,47753.02
B12,78,1642.64,5132.14,-3489.49,44263.53
B12,79,1419.33,1354.16,65.17,44328.7
B12,80,1238.47,1373.52,-135.05,44193.66
B12,81,1175.99,1482.32,-306.33,43887.32
B12,82,1273.83,1366.66,-92.83,43794.5
B12,83,1847.15,1364.78,482.37,44276.87
B12,84,1474.56,1367.82,106.75,44383.62
B12,85,1480.24,1347.96,132.28,44515.89
B12,86,6256.29,1362.02,4894.28,49410.17
B12,87,1925.5,1301.5,624.0,50034.17
B12,88,1555.32,1446.72,108.6,50142.77
B12,89,1430.12,1305.97,124.16,50266.93
B12,90,1348.62,1338.63,9.99,50276.92
B12,91,1478.58,1358.86,119.72,50396.63
B12,92,1774.18,3730.65,-1956.47,48440.16
B12,93,1619.29,1340.07,279.22,48719.38
B12,94,11628.48,1496.29,10132.18,58851.56
B12,95,1562.15,1333.11,229.05,59080.61
B12,96,1847.47,1369.04,478.44,59559.04
B12,97,1780.31,1299.99,480.32,60039.36
B12,98,1872.05,1318.25,553.8,60593.16
B12,99,1883.16,1369.05,514.11,61107.28
B12,100,1519.43,3334.63,-1815.2,59292.08
B12,101,11106.9,1485.37,9621.53,68913.61
B12,102,1274.95,1402.77,-127.81,68785.8
B12,103,1301.39,1513.64,-212.25,68573.56
B12,104,1734.86,1362.09,372.78,68946.33
B12,105,1834.2,1382.02,452.18,69398.52
B12,106,1075.87,1480.98,-405.11,68993.41
B12,107,1728.59,1440.39,288.2,69281.61
B12,108,1625.03,1324.15,300.88,69582.49
B12,109,1471.95,1377.04,94.91,69677.41
B12,110,1799.95,1465.08,334.87,70012.28
B12,111,14278.12,1509.66,12768.47,82780.75
B12,112,2031.13,1354.07,677.06,83457.81
B12,113,2092.88,1450.87,642.01,84099.81
B12,114,12031.21,1490.32,10540.88,94640.7
B12,115,1401.08,1420.14,-19.06,94621.64
B12,116,6168.34,1472.35,4695.99,99317.63
B12,117,714.06,1399.56,-685.5,98632.14
B12,118,9032.68,1513.33,7519.35,106151.48
B12,119,1572.89,1487.28,85.61,106237.09
B12,120,2212.81,1411.89,800.92,107038.01
B12,121,1726.7,1352.01,374.69,107412.7
B12,122,1944.77,1458.5,486.27,107898.97
B12,123,2474.92,7026.53,-4551.61,103347.36
B12,124,2181.18,1388.19,792.98,104140.35
B12,125,1751.53,1422.07,329.46,104469.8
B12,126,1513.81,1832.46,-318.66,104151.15
B12,127,1851.34,1817.55,33.79,104184.94
B12,128,2105.54,1442.7,662.84,104847.77
B12,129,1977.3,1361.0,616.31,105464.08
B12,130,2091.09,1485.69,605.41,106069.49
